id,file
01,7c384a7ede.jpg
02,add673f629.jpg
03,25eba9fa76.jpg
04,ec509fe942.jpg
05,e576d76af6.jpg
06,6d75effae7.jpg
07,00fcff630e.jpg
08,e8a6213a64.jpg
09,318d2dd948.jpg
10,49dc3fd195.jpg
11,cfbca208c3.jpg
12,c9347e1e7b.jpg
13,28cf136409.jpg
14,95f5d9ab48.jpg
15,746f2cd1d2.jpg
16,11068aa40b.jpg
17,7fb0f42377.jpg
18,db4fd99e56.jpg
19,7fb1cad955.jpg
20,72669a9943.jpg
21,1866c56f7a.jpg
22,b6d84ce05d.jpg
23,5c068c34b2.jpg
24,f384c39cd3.jpg
25,3bd9ddc108.jpg
26,36bafe2801.jpg
27,c2e0f637ed.jpg
28,59344b7884.jpg
29,5ca98fc2af.jpg
30,1701c26348.jpg
