id,file,score_1to3,note
01,7c384a7ede.jpg,1,green-olive stain over night sky; darkness lost
02,add673f629.jpg,3,
03,25eba9fa76.jpg,2,washed out; blue sky gone; small colour blob near horizon
04,ec509fe942.jpg,2,washed out and hazy; stars mostly lost
05,e576d76af6.jpg,3,
06,6d75effae7.jpg,1,snow turned yellow-beige; sky teal; colours badly shifted
07,00fcff630e.jpg,3,
08,e8a6213a64.jpg,1,red blotches on face and arm; skin texture smeared
09,318d2dd948.jpg,2,washed out; lost contrast on ice
10,49dc3fd195.jpg,2,blocky texture in sky
11,cfbca208c3.jpg,2,purple tint on hills; patterned artifact top centre
12,c9347e1e7b.jpg,3,
13,28cf136409.jpg,3,
14,95f5d9ab48.jpg,3,
15,746f2cd1d2.jpg,3,
16,11068aa40b.jpg,2,pink sunset turned yellow-beige; blob artifact in sky
17,7fb0f42377.jpg,3,
18,db4fd99e56.jpg,3,
19,7fb1cad955.jpg,2,purple cast on rocks
20,72669a9943.jpg,3,
21,1866c56f7a.jpg,3,
22,b6d84ce05d.jpg,3,
23,5c068c34b2.jpg,3,
24,f384c39cd3.jpg,3,
25,3bd9ddc108.jpg,3,
26,36bafe2801.jpg,1,black background turned olive green
27,c2e0f637ed.jpg,3,
28,59344b7884.jpg,3,
29,5ca98fc2af.jpg,3,
30,1701c26348.jpg,2,still mostly photo-like; beige tint
