group,test_index,y_true,y_pred,p_positive,n_words,suggested_type,manual_error_type,testable_fix,text
confident_false_positive,29330,0,1,0.9998958,23,other / unclear,label_noise (text-rating mismatch),"Text is purely positive yet labelled negative. Run confident-learning style cleaning: drop train reviews whose out-of-fold p(label) < 0.05, retrain, compare test macro-F1 and error count on this slice.","Wow love the place and everything is very clean and new!\n\nGreat place to come and relax worth a try!\n\nCheers,\n\nEric Van Nguyen\nVisited April 2012"
confident_false_positive,5752,0,1,0.99982125,411,mixed/contrast; negation; long review (truncated middle); explicit star mention,review_update / temporal shift,Verdict lives in an 'UPDATE/EDIT/NOTE' line while the body is the old positive review. Add an xxupdate token for update/edit markers and up-weight that segment; measure accuracy on test reviews containing 'update|edit'.,"NOTE:  This was a 4-star review, but the food quality and ESPECIALLY customer service have gone down the tubes.  See update below.\nComplaining I can't find a good meatball sub in Phoenix, I was referred to Santisi Brothers.  I was told that the meatballs are still made by the brothers' mother, so I was intrigued. \nSantisi Brothers did not disappoint.  That sub was so freaking good!!!  I got the 1/2 sandwich, which included two meatballs smothered under mozzarella and marinara on a toasted baguette-type roll.  Amazing.  The bread was soft inside with just the right crust, the meatballs were sizable (that's what she said!), and they did not scrimp on the mozzarella.  Since this is their only location in the valley, we will be sure to be back.  (It's right off I-17, close to the 101, so that's not hard.)\nIf you like sports, go!  This place has each wall covered in TVs - huge to 13\"""", they don't spare a bit of viewing area.  The only reason I gave 4 stars instead of 5 is because the seating leaves a bit to be desired.  We sat at a hightop table with stools.  Next are a row of tables with nicer chairs (with backs), and the row closest to the TVs - who wants to sit there?  Music - we could hear each other, but agreed a table of four might have to shout.  Our server, Ariel, was very enjoyable, nice, and attentive.\nBig beer and bar selection.  Husband's Kiltlifter was in a huge beer mug and he was happy to see a few IPAs.  I had a John Daly that was verrry tasty.  It's one of those sneaky super-yummy drinks...  Sweet iced tea, lemonade, and vodka - I'll be stealing that recipe this summer!\nHusband had the turkey club, which was large enough to be funny to watch him eat, but he said it was unremarkable.  Side of fries were also really, really good.  Perfect amount of potato, crispiness, and salt.  We also had garlic knots, which are served with marinara and pretty tasty, but left me wishing there was a little ball of mozzarella in the middle.  House salads were... house salads.  Nothing special there.\nTo review: great for sports (I'm sure they can spare a TV for your game), may want to go early for good seats, good bar, and some great food.  EAT/DRINK:  Meatball sub, french fries, and a John Daly.  All wonderful.\nPS - Kitchen is open till 11pm Sun-Thu, midnight Fri-Sat."
confident_false_positive,8426,0,1,0.9997004,422,mixed/contrast; negation; long review (truncated middle),mixed_sentiment (aspect conflict),"Negatives (cold food, 'blah') sit mid-review between positive intro/outro. Try max_len 512 or sentence-level pooling (hierarchical GRU); compare macro-F1 on the has_contrast and len_long slices.","Saturday / Sunday AYCE brunch\n\nIn true las vegas fashion, you get a flat rate to eat your heart out. \n\nFor Strip food, main menu items seem reasonably priced and the brunch is cheap at $29.99. There are a few different flavors to choose from for the All-You-Can-Drink Bottomless mimosas. They're $5 per person; but on multiple occasions, the $5 was comped for me and my dining partner. Maybe its a local discount? \n\nAt the beginning, you're served a plate of sliced fruit w/ a mango sauce and a plate of guava empanadas. Those empanadas are probably the best part of the menu! Not too sweet with the perfect crust and just a hint of cream cheese in the filling. After that I was a little under-enthused. The savory dishes start to taste the same after a while and the desserts are much too sweet. Their gimmick item is the Bacon Jalape\u00f1o PBJ. Peanut butter, jelly, egg, bacon, and a couple slices of mild jalapeno on a biscuit. Worth a try. It is AYCE after all. \n\nYou would think a Top Chef Masters restaurant would be more impressive. And given that they've won Best Brunch awards from Seven, LVRJ, & LVW, I expected this place to knock my socks off! While I can't judge the main menu food, I can say the past two times I've done the brunch the food has been less than piping hot. I'm very particular about my food being served in a timely manner; not necessarily because I'm worried about F&B sanitation standards but rather I just enjoy eating scalding hot food. Most of the dishes are served with refried beans and some form of egg (poached, fried, or scrambled). When a restaurant uses so much of these filler ingredients, they have to keep in mind that one of the most common signs of a kitchen-to-table delay is congealed beans and cold yolks.\n \nDespite the food being a little blah, the service is top-notch. Everyone is really friendly and my champagne flute was always filled to the brim. Border Grill is an impressive dining facility. It's huge and able to suit anyone's seating preferences. There's your usual indoor dining, the indoor atrium, and outdoor on the patio. On the patio, you can people-watch the fancy Mandalay pool. But you'll have to deal with insects, the weather, and the sights of all those people who shouldn't be wearing speedos. My area of choice is the atrium. The high-ceilings and natural light make your dining experience that much more pleasurable."
confident_false_positive,23815,0,1,0.99961793,193,mixed/contrast; negation,label_noise (text-rating mismatch),Body praises the bakery with one mild complaint; text reads 3-4 stars. Same label-noise cleaning experiment as #1; also report what share of confident errors are mismatches (estimate of noise ceiling).,"This is the neighborhood Foodland that has the bare necessities needed to sustain a pantry or for when the next snowstorm of the century is a day away and you only have minutes to get TP, bread and milk. \n\nThe bakery here is tops, small selection, but really well made specialities. Huge brownies, iced and moist. They are easily 5 inch squares,  topped with things like Oreo cookies, nuts, sprinkles, and other yummy delights. The best thing I found is the individual pineapple upside-down cakes. Perfect for one person, these are just like the big ones, same buttery cake, same crunchy edges from the brown sugar melting as it bakes, and that almost candied pineapple that has bece one of my favorite desserts of all time.\n\nTry the foccacia dripping with evoo, fresh basil and tomatoes and mozzarella cheese, you'll never buy pizzeria pizza ever again. Take a few home and pop them in the oven and enjoy. \n\nI come here when I need the staples of the pantry like eggs, milk, even a pound of ground beef. The deli isn't the greatest but it will do in a pinch. Good rotisserie chickens too."
confident_false_positive,9706,0,1,0.99958867,272,mixed/contrast; negation,mixed_sentiment + ironic conclusion,'Would stay again if someone else was paying' is a hedged negative verdict. Add a final-sentence auxiliary head (predict label from last sentence only) and ensemble; measure on reviews whose last sentence contains 'if|unless'.,"This hotel was very beautiful, and if you are use to being pampered and have a bit of money to throw around then this is totally the place for you!\n\nMy room was beautiful and spacious, as was my bathroom.  The staff around the hotel were also wonderful and helpful.\n\nI did find it a little annoying that despite the lovely decor and all, I didn't have a fridge in my room!  I mean, there was a mini bar (which had everything hooked up to pressure sensors that would automatically charge my room if I even picked up anything), but no place to put anything I brought in myself.  I ended up filling one of my bathroom sinks with ice and keeping my drinks in there for the week.  Not the classiest thing but it worked!\n\nAlso, it is a serious hike to get anywhere in this super confusing hotel, and even more confusing if you ever try to leave it!  It took me and a friend over an hour and directions from 3 different employees to finally get outside the damn place!  I work in a shop and am pretty used to being on my feet and walking most of the day, but this place made that seem like nothing!  Even a few days after being home my feet are still hurting (and no, I wasn't tromping around Vegas in heals, I was wearing sneakers.  I don't even own a pair of heels!)\n\nI would definitely stay here again if someone else was paying the bill.  Next time I'm in Vegas for fun, I think I will try to find something a bit more... casual..."
confident_false_negative,22451,1,0,0.00022628611,215,mixed/contrast; negation,aspect conflict / rating driven by one aspect,Text trashes the food but the 4-star rating is for Thursday drinks ('gets to keep the four star rating'). Add an explicit star-mention feature (regex '[1-5] star' -> xxstarN token); test on the explicit-star-mention slice.,"The food is crap.  I'm not trying to be mean, but it really is horrible.  I'd rather eat one of those Tornado things from Circle K for dinner.  Also, I don't appreciate the waitress telling me everything is great when everything is absolutely not great.  What kind of disgusting excuse for food must she live off of if the nachos get her stamp of approval?  They were probably the worst nachos I've ever had.  Taco Bell's nachos are like manna from heaven compared to the sad mess Barney's serves.  She should have just been honest and told me to order fries a la carte, because that was the only thing my friend and I enjoyed.\n\nWe ended up just going back to her place and lying on the floor for a while because our stomachs were so upset. \n\nOnly drink at Barney's.  If you eat, stick to fries.  The pizza is a safe bet too.  Whatever you do, don't order the nachos, onion rings, or the grilled chicken wrap.  Hell, just go on Thursday and drink until it all tastes good.  Problem solved.\n\nObviously, Thursday night gets to keep the four star rating.  I can't help it.  I will never get too old for Barney's Thursday nights.  Well, I probably will eventually, but not today.  Not today."
confident_false_negative,22807,1,0,0.00041416622,96,mixed/contrast; negation,review_update / stale rating,'EDIT: Horrible service' but the old positive rating was kept. Same xxupdate-marker experiment as #2; also flag such reviews as noisy in the training set and re-measure.,"EDIT: They really did change the service up since I last posted this.\n\nHorrible service.\n\nUsed to be my favorite pizza in the city (at a reasonable price), but I'm rethinking that. We just had an altercation with a server who refused to split a check when we were paying with cash. He then proceeded to disrespect the party at the table, telling us to 'not give him attitude about it.'\n\nSorry Bella Notte, but we're not children. I don't care if you're working hard - it doesn't give you any excuse to disrespect your paying customers like that."
confident_false_negative,21215,1,0,0.00043211234,187,negation,target confusion (sentiment about other customers),"Negativity is aimed at other patrons; the business (bartender) is praised. Test target awareness: augment training with third-party-complaint narratives, or mask person nouns, and measure accuracy on reviews mentioning 'customers|parents|people'.","Last night several parents came in with over 15 children to celebrate their 9 year olds 4th grade graduation at 9:15 pm. The bartender expressed that it was not a place to have children running around as it is against the law and a liability issue if anything were to happen to them on their premise. The children were running in and out of the bar while the parents continued to drink upstairs claiming to watch them in the open park way. After their third round of drinks the bartender told them they were no longer welcomed due to the fact the kids were unsupervised as well as the other customers had cleared out expressing \""""whether the bar was a childcare center\"""". One father even started swearing at her telling her it was none of her business what their children were doing. I am offended in that they completely took advantage of her, were rude, not to mention had their children with them at a bar at 10:00pm in the evening. I will say the bartender was very cordial and had mind to do the right thing."
confident_false_negative,26683,1,0,0.00071093254,27,negation; explicit star mention,negated low rating ('too good to ... 2 star'),Model keys on 'not digging' and '2 star'. Add negation-scope marking (prefix NEG_ to tokens after not/never until punctuation) and the xxstarN token; re-test this case and the has_negation slice.,"I've just been forced to concede that, despite still not digging their ordering process, their food is just too good to disrespect with a 2 star review."
confident_false_negative,30793,1,0,0.00071745116,98,mixed/contrast; negation,"temporal contrast (old owners bad, new owners good)","Most text describes the past bad experience. Add tense/temporal cue tokens ('used to', 'now', 'new owners') or weight the tail more; measure on test reviews matching 'used to|now|new owner|changed'.","This place is so much better since they changed owners.\n\nMy wife and I went when it was the old owners, it was terrible.  We waited forever and the food never came before we walked out.  People were served before us that walked in after and my wife actually got her soup before me and I sat and waited while they \""""made more\"""".\n\nIt was horrible.\n\nNow its much better.  The staff are very friendly, they treat their customers very well and I have nothing but positive things to now say about this place.  Its much better with the new owners."
near_threshold,18133,1,0,0.49988255,77,mixed/contrast; negation,mixed_sentiment (minor complaint at the end),Positive review whose last lines criticise one side dish; tail-heavy features tip it. Tune the decision threshold on validation (instead of 0.5) and compare near-threshold error count.,"Great BBQ.  I lived in one of the BBQ Meccas for 10 years, Kansas city and this is good. Had ribs, fall off bone delish good flavoring. Also had pulled pork, mine is better but this is very good. Liked the beans and the sauces.  The only draw back the slaw. No flavor, no hints of vinegar seasonings or even cream, like Corky's famous slaw from Memphis.  Just a thought it was just too dry for me."
near_threshold,32729,0,1,0.5005302,34,negation,"contrast ('first visit amazing, second not so much')",Early strong positive outweighs the later negative. Test a recency weight on attention (bias towards later sentences) and measure on has_contrast slice.,"First visit, amazing! Second visit, not so much. They are really skimpy on their servings. We said something to them about it, and they responded back with a snarky remark. They just lost customers."
near_threshold,13040,0,1,0.50080675,166,mixed/contrast,sarcasm + slang / misspellings (OOV),"Insulting slang and misspellings (cant, spoted, freek) are mostly <unk>. Add character n-gram or subword (BPE trained from scratch) tokens; measure OOV rate and accuracy on reviews with >10% OOV tokens.","I cant believe I ever went here, but my girlfriend did the models hair that were doing a fashion show for the ugliest homemade garbage. So I came for support. \n\nAnyway, every dude in there looks the same. Low rise seven jeans with a sparkley belt with shirt tucked behind the questionably femenine buckle, sunglasses inside, orange tan, waxed eyebrows, and shaved arms.\nI spoted the  lone creepy old dude that was obviously on raver drugs, in the middle of the dance floor raving out. \nBros and sluts were all freek dancing and being douchy and slutty.\nA ton of younger chicks with older dudes.\n\nIts one of those places were dumb sluts starved for attention come and make out with each other in front of the ed hardy faux buff guys. \n\n(faux buff= fat that looks like muscle under a shirt)\n\nWhats up with all the faux buff dudes in Scottsdale. You know what Im talking about.\n\n\nI dont know why they would ever charge ten dollars to come here."
near_threshold,1917,1,0,0.49847013,109,mixed/contrast; negation,negation scope / double negation,"'She wasn't wrong', 'aren't that great', 'WISHES' - negated and emotive phrases confuse the model. Negation-scope marking experiment (NEG_ prefix); compare has_negation slice F1.","I don't know what it is we East Coast-ers did, exactly, but it must have been pretty bad for us to miss out on a burger joint like In-N-Out!\n\nI blew into Scottsdale with my mother recently, and she insisted that the first thing in my mouth absolutely HAD to be an In-N-Out burger.\n\nShe wasn't wrong.\n\nI'm a little sad, thinking that I'll have to say goodbye to such fresh, glorious burgers when I head back to Atlanta for school.\n\nThe Big Mac WISHES it could be a Double Double. \n\nThe fries aren't that great--then again, I haven't tried Animal Style yet--but the burgers are more than meat enough for me. ;3"
near_threshold,25391,1,0,0.4983568,38,negation,"mixed_sentiment (one bad staff member, rest good)",Strong insult ('complete jerk') vs milder praise. Sentence-level pooling / aspect aggregation; measure on reviews containing both strong negative and positive lexicon hits.,The security guard from April 3rd at noon is a complete jerk.  The women on staff are all extremely nice and make you feel comfortable.   I got my appt the next day and the wait time wasn't awful.
slice_failure:len_short(<50w),12480,0,1,0.9992086,28,mixed/contrast,label_noise / understated 2-star,"Short, mostly positive text labelled negative ('a little small for $10'). Label-noise cleaning experiment; also report short-slice F1 before and after cleaning.","my husband had an omelette that was good. i had a blt, a little on the small side for $10, but bacon was great. Our server was awesome!"
slice_failure:len_short(<50w),37139,1,0,0.0019365987,37,negation,off-topic / no opinion about the business,"Review only says the listing is wrong; there is no sentiment, so the label is arbitrary. Add a subjectivity filter (drop train reviews with no opinion words) and evaluate abstention: refuse to predict when no sentiment lexicon is present.",It appears that this is not the business. The business is David Wilson's Toyota of Las Vegas. \nWhen you call a regular person answers. Not the dealership. This is very confusing and perhaps Yelp should clarify it.
slice_failure:len_short(<50w),20439,0,1,0.9979678,35,negation,"label_noise / neutral text, negative label",'Standard take out... fast and friendly' reads neutral-positive. Label-noise cleaning experiment; add a 'neutral' analysis bucket in the slice table to quantify how many short neutral reviews fail.,Standard take out and it's cheap. Service is fast and friendly. I go here when I'm too lazy to walk to Zaw's or pressed for time (I've never had to wait longer than 15 minutes).
slice_failure:len_short(<50w),4655,0,1,0.9975943,45,other / unclear,"sarcasm ('totally the coolest place, like, ever. funny stuff')","Sarcastic tail flips a mixed good/bad list. Add sarcasm cue features (intensifier + 'like, ever', scare quotes) and test on a hand-labelled sarcasm sample of 100 reviews.","good: it's cheap, loud, every now and then a good band will play, good drink selection.\n\nbad: the parking and the crowd.\n\nit's fun to watch the young kids marvel in this new bar they've just discovered and is totally the coolest place, like, ever.  funny stuff."
slice_failure:len_short(<50w),32999,1,0,0.0026556978,27,mixed/contrast; negation,lexical ambiguity / idiom ('vacuums can REALLY suck'),'suck' is literal praise here. Bigram/context features: check if the fastText bigram 'vacuum suck' fixes it; augment with literal-use sentences and re-test this pattern.,"I won't say what spilled on my floor carpets, but their vacuums can REALLY suck!  Thank goodness because I thought my carpet in my truck was ruined."
