model,slice,n,macro_f1,error_rate
baseline_fasttext_bigram,len_short(<50w),9122,0.929058341727614,0.06807717605788205
baseline_fasttext_bigram,len_medium(50-150w),17196,0.9326948961521191,0.06728308909048616
baseline_fasttext_bigram,len_long(>150w),11682,0.9298843037420027,0.06745420304742339
baseline_fasttext_bigram,has_negation,28246,0.9263032011639322,0.0711605183034766
baseline_fasttext_bigram,has_contrast,22365,0.9238982325398424,0.07529622177509501
baseline_fasttext_bigram,exclaim_heavy(>=3!),6944,0.9499723954653954,0.04853110599078341
baseline_fasttext_bigram,all,38000,0.9324728693956208,0.06752631578947368
exp1_bigru_attention,len_short(<50w),9122,0.9547846070656092,0.04341153255864942
exp1_bigru_attention,len_medium(50-150w),17196,0.96154074035637,0.038439171900441965
exp1_bigru_attention,len_long(>150w),11682,0.9573100381749302,0.04126005820921075
exp1_bigru_attention,has_negation,28246,0.9580816039906692,0.04060751964879983
exp1_bigru_attention,has_contrast,22365,0.9550226007553052,0.04457858260675162
exp1_bigru_attention,exclaim_heavy(>=3!),6944,0.9722110982221799,0.02692972350230415
exp1_bigru_attention,all,38000,0.9594998337081122,0.0405
exp2_transformer,len_short(<50w),9122,0.9277502161424128,0.0696119272089454
exp2_transformer,len_medium(50-150w),17196,0.934376781861726,0.06559665038381018
exp2_transformer,len_long(>150w),11682,0.9294720507974478,0.06813901729155966
exp2_transformer,has_negation,28246,0.9259470424876106,0.07162076046165829
exp2_transformer,has_contrast,22365,0.9237759205264009,0.07547507265817124
exp2_transformer,exclaim_heavy(>=3!),6944,0.9499100474328045,0.04853110599078341
exp2_transformer,all,38000,0.9326577212045573,0.0673421052631579
