token,count
but,206849
not,183089
place,130031
food,121404
good,110200
like,103461
time,100050
just,92987
order,85868
veri,85202
servic,80280
great,76345
no,69323
it',61458
realli,61050
tri,57678
don't,49272
look,48924
want,48781
got,48143
come,47767
wait,45454
restaur,44150
ask,43524
make,43318
love,42004
too,41550
didn't,41125
price,40531
i'm,40471
nice,40180
never,39684
did,38761
drink,37454
went,37357
peopl,37215
came,36944
room,36201
know,35911
say,35452
day,34599
said,34512
2,34252
tabl,34220
thing,34055
eat,33976
i'v,33962
best,32505
littl,32467
minut,32420
tast,31832
better,31822
way,31080
go,31065
night,30437
need,29926
think,29923
bar,29898
menu,29588
experi,29484
work,29281
staff,29185
chicken,29126
pretti,29052
vega,27893
told,26945
use,26766
fri,26603
hour,26564
bad,26534
star,26449
5,26420
right,26027
custom,25792
review,25695
friend,25467
check,25467
walk,25256
locat,24937
3,24587
lot,23712
took,23581
friendli,23565
busi,23448
new,23434
pizza,23182
few,22921
definit,22766
sure,22548
sauc,22232
meal,22226
wasn't,21945
flavor,21812
year,21697
salad,21554
manag,21537
recommend,21526
chees,21503
stay,21498
burger,20717
