metric,value
run_id,20261004_024149
n_eval_images,300
hardware,NVIDIA GeForce RTX 4090
FID_B2A_photo_to_monet,104.86723410649205
FID_B2A_vs_real_stats_npz,104.7135434771464
FID_A2B_monet_to_photo,106.26084031120924
FID_kaggle_style_avg,105.56403720885064
MiFID_B2A,0.4111806063641079
MiFID_A2B,0.42374066469765537
MiFID_kaggle_style_avg,0.41746063553088164
KID_B2A,0.010436472069217561
KID_B2A_std,0.0018580899636597115
KID_A2B,0.020423254083017088
KID_A2B_std,0.002448280415748395
precision_B2A,0.36
recall_B2A,0.6333333333333333
precision_A2B,0.5966666666666667
recall_A2B,0.35333333333333333
cycle_L1_A_monet,0.0727301836013794
cycle_L1_B_photo,0.08683275431394577
LPIPS_input_vs_output_B2A,0.34265828132629395
LPIPS_input_vs_output_A2B,0.25138482451438904
SSIM_content_B2A,0.6896291971206665
SSIM_content_A2B,0.8037501573562622
final_loss_G,2.9803166666666665
final_loss_D,0.37851688888888885
final_cyc_A,0.058279333333333336
final_cyc_B,0.08540266666666667
grad_norm_G_mean,25.428103074361818
grad_norm_G_max,143.58476
grad_norm_D_mean,12.593540854605994
grad_norm_D_max,70.95196
nan_count,0
params_generator_each,11378179
params_discriminator_each,2764737
params_total,28285832
train_imgs_per_sec_median,14.24
generation_imgs_per_sec_B2A,129.00699449739355
peak_memory_gb,1.765284864
total_training_time_s,8605.2
train_steps,90000
