step,epoch,lr,loss_G,gan_AB,gan_BA,cyc_A,cyc_B,idt_A,idt_B,loss_D,D_A,D_B,gn_G,gn_D,nan,imgs_per_sec,elapsed_s
0,0,2.000e-04,18.25863,2.44330,2.15405,0.65329,0.58590,0.65768,0.61170,4.02332,1.95568,2.06765,145.39246,75.15428,0,2.74,0.4
100,0,2.000e-04,7.94881,0.32666,0.43463,0.37105,0.28376,0.36759,0.27184,0.76688,0.42043,0.34645,84.78791,22.63176,0,14.52,7.3
200,0,2.000e-04,5.26535,0.36129,0.32783,0.22931,0.18873,0.23829,0.15753,0.56472,0.26244,0.30228,43.44767,13.94708,0,14.41,14.2
300,1,2.000e-04,4.99089,0.32797,0.39677,0.21834,0.17081,0.22254,0.15219,0.51491,0.24635,0.26856,40.19959,7.64132,0,14.31,21.2
400,1,2.000e-04,8.04648,0.20781,0.18542,0.30727,0.39034,0.30250,0.37471,0.64465,0.30576,0.33890,53.14877,13.74213,0,14.78,27.9
500,1,2.000e-04,7.59912,0.22686,0.26768,0.44575,0.19559,0.43102,0.26007,0.60518,0.24211,0.36307,45.28184,24.89091,0,14.80,34.7
600,2,2.000e-04,8.80078,0.42621,0.27812,0.48834,0.24133,0.58440,0.21533,0.51463,0.23903,0.27560,39.92225,8.18802,0,14.78,41.5
700,2,2.000e-04,6.09957,0.50369,0.07323,0.25167,0.25535,0.23102,0.22142,0.45257,0.22761,0.22495,35.21451,19.56422,0,14.75,48.2
800,2,2.000e-04,7.08101,0.51437,0.45276,0.27863,0.28418,0.23157,0.25423,0.60826,0.31000,0.29826,47.27392,17.22480,0,14.79,55.0
900,3,2.000e-04,7.76420,0.36184,0.19616,0.27113,0.38007,0.25653,0.43771,0.56457,0.23384,0.33073,42.08237,10.71497,0,14.27,62.0
1000,3,2.000e-04,4.23570,0.30849,0.48711,0.16271,0.14765,0.16036,0.17618,0.47694,0.21824,0.25870,24.90619,11.22872,0,14.15,69.1
1100,3,2.000e-04,6.56220,0.30385,0.65968,0.34405,0.16715,0.30280,0.18384,0.33534,0.07623,0.25911,28.19337,11.59956,0,14.14,76.2
1200,4,2.000e-04,8.97981,0.52231,0.16293,0.22393,0.52933,0.22061,0.54141,0.54409,0.18184,0.36225,34.20743,18.55116,0,14.20,83.2
1300,4,2.000e-04,5.29490,0.22166,0.37051,0.21866,0.21217,0.20885,0.18561,0.66384,0.29044,0.37340,26.90918,22.81701,0,14.19,90.2
1400,4,2.000e-04,6.08399,0.50960,0.26385,0.19230,0.29315,0.17662,0.27948,0.81762,0.37888,0.43873,28.74056,34.37157,0,14.26,97.3
1500,5,2.000e-04,5.04260,0.35805,0.52902,0.16450,0.21664,0.14468,0.19947,0.70038,0.38636,0.31402,28.72913,26.98165,0,14.18,104.3
1600,5,2.000e-04,7.42926,0.30555,0.48236,0.38281,0.21914,0.37529,0.24663,0.48531,0.24203,0.24328,35.47598,11.69954,0,14.24,111.3
1700,5,2.000e-04,8.13727,0.27923,0.85765,0.34048,0.29924,0.32998,0.27322,0.58954,0.31461,0.27493,42.64998,30.89866,0,14.23,118.4
1800,6,2.000e-04,8.49215,0.34444,0.41283,0.49683,0.20581,0.53230,0.17620,0.41950,0.11221,0.30729,36.34199,16.60743,0,14.15,125.4
1900,6,2.000e-04,5.32065,0.62775,0.21584,0.19849,0.21316,0.22147,0.13914,0.49250,0.25098,0.24151,26.66551,16.73501,0,14.19,132.5
2000,6,2.000e-04,6.12748,0.19765,0.76713,0.17949,0.28866,0.16167,0.31956,0.50552,0.22778,0.27774,26.04390,15.18483,0,14.15,139.5
2100,7,2.000e-04,5.93749,0.32472,0.77256,0.21637,0.22281,0.23744,0.21102,0.39833,0.19397,0.20437,33.76809,19.29505,0,14.20,146.6
2200,7,2.000e-04,9.57525,0.20392,0.94021,0.22865,0.55476,0.21639,0.38066,0.51900,0.29056,0.22844,41.80733,24.65729,0,14.18,153.6
2300,7,2.000e-04,4.64811,0.38433,0.41188,0.10335,0.24279,0.14549,0.24497,0.48813,0.28653,0.20160,28.64402,9.74531,0,14.68,160.4
2400,8,2.000e-04,6.53062,0.70237,0.55493,0.26390,0.21204,0.26115,0.25277,0.34911,0.09687,0.25224,21.26242,21.43674,0,14.89,167.2
2500,8,2.000e-04,4.32706,0.30316,0.29844,0.13386,0.20564,0.15182,0.17863,0.42139,0.27580,0.14559,22.71506,23.78537,0,14.91,173.9
2600,8,2.000e-04,5.29273,0.48374,0.39864,0.24724,0.14988,0.25194,0.18713,0.51678,0.27346,0.24332,30.04000,21.37497,0,14.93,180.6
2700,9,2.000e-04,5.11855,0.27234,0.34491,0.21987,0.18808,0.22790,0.19390,0.56193,0.38170,0.18023,18.90534,13.25323,0,14.89,187.3
2800,9,2.000e-04,5.66241,0.40249,0.19166,0.15891,0.30037,0.15525,0.32022,0.38711,0.20988,0.17724,27.12587,5.68224,0,14.84,194.0
2900,9,2.000e-04,6.65408,0.57988,0.72106,0.15450,0.33874,0.16462,0.25611,0.32124,0.12644,0.19481,40.15176,13.09638,0,14.86,200.8
3000,10,2.000e-04,4.75487,0.23952,0.04139,0.22505,0.18558,0.18770,0.17993,0.82596,0.36656,0.45940,31.93598,21.23446,0,1.38,273.0
3100,10,2.000e-04,4.13152,0.27417,0.52126,0.16310,0.13540,0.16658,0.18451,0.38524,0.11729,0.26795,18.20022,19.71867,0,12.62,280.9
3200,10,2.000e-04,4.83658,0.53988,0.75764,0.19635,0.12209,0.25992,0.09473,0.42696,0.12698,0.29998,24.26989,26.58935,0,14.20,288.0
3300,11,2.000e-04,4.77399,0.54534,0.20495,0.18444,0.18299,0.19504,0.15436,0.48005,0.17550,0.30455,24.40158,27.80119,0,14.26,295.0
3400,11,2.000e-04,5.65109,0.40096,0.34626,0.30324,0.13629,0.35327,0.15524,0.67685,0.39962,0.27723,20.25476,32.50248,0,14.24,302.0
3500,11,2.000e-04,6.05138,0.42786,0.60963,0.13092,0.31986,0.14598,0.36011,0.27644,0.18641,0.09004,41.19423,12.69681,0,14.30,309.0
3600,12,2.000e-04,4.26293,0.47394,0.33232,0.16506,0.14854,0.19881,0.12189,0.39336,0.23054,0.16281,27.00267,7.97242,0,14.30,316.0
3700,12,2.000e-04,5.07128,0.73511,0.25351,0.13613,0.23459,0.15038,0.22508,0.48724,0.18337,0.30386,27.05567,18.83592,0,14.30,323.0
3800,12,2.000e-04,4.64835,0.41946,0.27006,0.19274,0.16731,0.14954,0.20873,0.46799,0.18522,0.28276,37.36262,7.71251,0,14.26,330.0
3900,13,2.000e-04,6.54841,0.32358,0.35548,0.17964,0.35864,0.17650,0.31009,0.38687,0.20984,0.17704,48.07072,14.05892,0,14.22,337.0
4000,13,2.000e-04,5.86507,0.49720,0.43522,0.19409,0.25294,0.16956,0.29275,0.37350,0.25057,0.12293,31.65440,15.21655,0,14.27,344.0
4100,13,2.000e-04,7.91600,0.37796,0.50787,0.32799,0.29772,0.34566,0.42738,0.52588,0.17103,0.35485,37.46748,20.17163,0,14.28,351.0
4200,14,2.000e-04,7.30162,0.37069,0.36020,0.17351,0.43212,0.19122,0.32320,0.38448,0.14002,0.24446,47.29566,7.59639,0,14.28,358.0
4300,14,2.000e-04,7.38548,0.49631,0.15073,0.19994,0.42059,0.22215,0.31090,0.43610,0.08008,0.35603,45.31564,13.68642,0,14.22,365.0
4400,14,2.000e-04,5.98664,0.34612,0.24868,0.30897,0.18172,0.32664,0.15828,0.58897,0.22456,0.36442,22.34023,30.66195,0,14.30,372.0
4500,15,2.000e-04,5.31365,0.64342,0.99072,0.16233,0.17145,0.17803,0.16370,0.77536,0.45262,0.32274,19.02349,28.60047,0,14.29,379.0
4600,15,2.000e-04,6.56405,0.29826,0.79201,0.30181,0.20208,0.31256,0.12225,0.41806,0.23626,0.18180,36.36454,11.48908,0,14.22,386.1
4700,15,2.000e-04,4.22163,0.45418,0.22243,0.14151,0.17701,0.19934,0.16046,0.31577,0.13570,0.18007,14.24966,11.46319,0,14.20,393.1
4800,16,2.000e-04,7.40139,0.39378,0.28537,0.42559,0.20369,0.27643,0.15306,0.80243,0.41960,0.38284,31.85234,25.70942,0,14.22,400.1
4900,16,2.000e-04,4.80385,0.71246,0.20507,0.13311,0.22045,0.13436,0.21639,0.46406,0.16632,0.29773,23.82523,17.62683,0,14.25,407.2
5000,16,2.000e-04,5.58009,0.17364,0.49956,0.29600,0.14647,0.30297,0.17925,0.40244,0.14227,0.26017,24.47091,15.39428,0,14.27,414.2
5100,17,2.000e-04,4.44178,0.20438,0.30531,0.17560,0.18458,0.16406,0.16620,0.32172,0.11563,0.20609,20.31879,6.33144,0,14.27,421.2
5200,17,2.000e-04,5.49733,0.44579,0.62410,0.21874,0.18304,0.22432,0.18524,0.23951,0.11750,0.12202,22.03356,7.48676,0,14.34,428.2
5300,17,2.000e-04,4.01043,0.22190,0.41449,0.18017,0.12178,0.23863,0.11583,0.31649,0.14436,0.17213,18.50226,13.86597,0,14.28,435.2
5400,18,2.000e-04,5.37160,0.28366,0.32973,0.18420,0.24212,0.19783,0.29721,0.37142,0.20949,0.16193,17.10214,11.56204,0,14.31,442.1
5500,18,2.000e-04,3.92907,0.10849,0.33229,0.17005,0.14293,0.18506,0.17346,0.67294,0.44485,0.22809,26.11535,16.43937,0,14.34,449.1
5600,18,2.000e-04,5.81766,0.84184,0.13966,0.23099,0.21006,0.16822,0.25745,0.66131,0.12334,0.53796,31.00817,16.55908,0,14.28,456.1
5700,19,2.000e-04,5.11787,0.47484,0.35938,0.21596,0.17059,0.27180,0.14630,0.82150,0.46172,0.35978,23.63093,45.35449,0,14.23,463.1
5800,19,2.000e-04,5.56403,0.16654,0.32952,0.15478,0.30295,0.27184,0.21889,0.66338,0.30654,0.35684,23.53398,17.22396,0,14.51,470.0
5900,19,2.000e-04,7.91251,0.44249,0.33066,0.32072,0.32759,0.34851,0.30782,0.53648,0.26521,0.27127,33.58766,17.32123,0,14.89,476.8
6000,20,2.000e-04,4.87595,0.44289,0.37487,0.12899,0.23739,0.14097,0.25335,0.30206,0.15405,0.14801,26.44239,7.55223,0,1.37,549.7
6100,20,2.000e-04,4.51339,0.37699,0.50103,0.12434,0.20582,0.15656,0.17722,0.27628,0.11280,0.16348,19.45205,17.96380,0,12.34,557.8
6200,20,2.000e-04,4.66437,0.30247,0.38500,0.18391,0.17581,0.18874,0.19092,0.59520,0.34178,0.25343,20.16158,17.83307,0,14.05,564.9
6300,21,2.000e-04,5.38749,0.32138,0.19950,0.21455,0.23521,0.16969,0.19933,0.41225,0.17116,0.24108,82.49672,9.69407,0,14.27,571.9
6400,21,2.000e-04,4.94796,0.67595,0.57697,0.19579,0.13874,0.23396,0.11576,0.58866,0.23429,0.35437,35.60089,22.74626,0,14.24,578.9
6500,21,2.000e-04,5.11317,0.63032,0.08538,0.20951,0.18736,0.23264,0.19615,0.59025,0.30801,0.28224,30.98105,26.74593,0,14.26,586.0
6600,22,2.000e-04,5.87675,0.21870,0.64744,0.24465,0.21195,0.22983,0.21471,0.37857,0.11939,0.25919,21.26890,13.70493,0,14.19,593.0
6700,22,2.000e-04,3.86849,0.11323,0.02909,0.20739,0.12490,0.23971,0.16360,0.64689,0.37937,0.26753,21.30892,23.11080,0,14.10,600.1
6800,22,2.000e-04,5.75913,0.29941,0.27405,0.16397,0.30819,0.15089,0.31315,0.58697,0.30388,0.28309,36.91922,17.65872,0,14.23,607.1
6900,23,2.000e-04,3.90008,0.27948,1.00084,0.10745,0.13175,0.11580,0.11192,0.42078,0.28620,0.13458,15.34961,9.55492,0,14.21,614.2
7000,23,2.000e-04,5.11983,0.80375,0.48053,0.18104,0.17185,0.15479,0.15186,0.46753,0.25092,0.21661,21.46251,14.69961,0,14.25,621.2
7100,23,2.000e-04,3.61496,0.37818,0.16500,0.14610,0.13275,0.11843,0.16486,0.61630,0.22799,0.38832,25.72007,22.64143,0,14.19,628.2
7200,24,2.000e-04,7.53625,0.22561,0.50196,0.30491,0.31943,0.28522,0.28007,0.45030,0.18329,0.26701,38.70573,11.12485,0,14.21,635.3
7300,24,2.000e-04,4.55958,0.45305,0.44288,0.14152,0.18896,0.17297,0.18586,0.44513,0.23981,0.20533,25.66429,9.50224,0,14.22,642.3
7400,24,2.000e-04,6.27032,0.29088,0.48263,0.27166,0.22989,0.25694,0.22434,0.38969,0.25303,0.13666,33.77523,13.97896,0,14.27,649.3
7500,25,2.000e-04,5.25027,0.29917,0.31359,0.18800,0.23553,0.23250,0.16966,0.43283,0.19298,0.23985,32.74982,12.78977,0,14.34,656.3
7600,25,2.000e-04,7.02974,0.39325,0.31417,0.22184,0.35592,0.20187,0.34276,0.44213,0.26824,0.17389,21.49492,11.09747,0,14.28,663.3
7700,25,2.000e-04,4.30374,0.44070,0.19647,0.14743,0.17933,0.19703,0.20188,0.61318,0.33063,0.28255,14.01220,21.54595,0,14.33,670.3
7800,26,2.000e-04,5.01584,0.35367,0.62045,0.12227,0.24963,0.13019,0.19249,0.38976,0.11074,0.27903,24.15630,10.71325,0,14.22,677.3
7900,26,2.000e-04,5.90627,0.36274,0.91780,0.13331,0.29062,0.13394,0.25249,0.47137,0.27585,0.19552,27.73604,19.43479,0,14.13,684.4
8000,26,2.000e-04,3.92686,0.21702,0.25132,0.17687,0.13767,0.16983,0.14334,0.67104,0.36324,0.30780,21.27112,20.67772,0,14.27,691.4
8100,27,2.000e-04,4.38026,0.45694,0.31996,0.12375,0.19954,0.16066,0.20984,0.45433,0.24978,0.20455,21.44314,11.42106,0,14.27,698.4
8200,27,2.000e-04,5.64830,0.45408,0.53477,0.17337,0.24750,0.22101,0.22973,0.31923,0.17569,0.14354,19.09804,14.39600,0,14.29,705.4
8300,27,2.000e-04,5.15149,0.20029,0.32607,0.24749,0.17668,0.22268,0.16082,0.52171,0.26634,0.25537,25.91659,12.03347,0,14.18,712.4
8400,28,2.000e-04,4.97126,0.21231,0.22782,0.16012,0.25296,0.14549,0.25485,0.29912,0.14921,0.14991,19.82089,17.06002,0,14.28,719.4
8500,28,2.000e-04,4.71270,0.33432,0.68145,0.16973,0.15735,0.26724,0.15891,0.35331,0.18876,0.16454,17.34592,15.22907,0,14.19,726.5
8600,28,2.000e-04,4.07809,0.25308,0.10125,0.16348,0.17209,0.15658,0.21152,0.67428,0.33185,0.34243,26.32526,12.68025,0,14.23,733.5
8700,29,2.000e-04,4.73394,0.32285,0.45155,0.19609,0.15752,0.22978,0.19366,0.70219,0.40632,0.29586,23.56941,15.17926,0,14.23,740.5
8800,29,2.000e-04,4.58922,0.63926,0.74828,0.16798,0.12440,0.17056,0.10734,0.56247,0.32437,0.23810,21.48039,22.36192,0,14.23,747.6
8900,29,2.000e-04,5.09718,0.36676,0.46449,0.19527,0.19399,0.23046,0.14291,0.47355,0.23398,0.23958,26.76590,10.25369,0,14.18,754.6
9000,30,2.000e-04,5.22685,0.35521,0.39839,0.20518,0.20472,0.21185,0.16235,0.64073,0.49771,0.14302,24.02209,12.57685,0,1.38,827.1
9100,30,2.000e-04,3.60169,0.18551,0.28279,0.16383,0.12235,0.14549,0.12615,0.26182,0.09550,0.16632,16.90790,14.27184,0,12.89,834.8
9200,30,2.000e-04,7.01196,0.32520,0.17694,0.15889,0.43179,0.16506,0.43804,0.29511,0.11137,0.18374,26.81608,9.39980,0,14.29,841.8
9300,31,2.000e-04,3.64564,0.37027,0.35610,0.13995,0.12393,0.13340,0.14715,0.33286,0.09902,0.23384,16.89865,17.72827,0,14.21,848.9
9400,31,2.000e-04,5.25853,0.44463,0.32055,0.16889,0.25407,0.16742,0.09625,0.47492,0.19966,0.27526,34.95197,17.49565,0,14.30,855.9
9500,31,2.000e-04,3.70232,0.34498,0.33323,0.13840,0.13789,0.15197,0.10924,0.46209,0.26511,0.19699,16.56951,7.93742,0,14.32,862.9
9600,32,2.000e-04,5.38301,0.38287,0.19685,0.26667,0.17135,0.21346,0.20964,0.53174,0.28251,0.24924,23.27746,20.07318,0,14.27,869.9
9700,32,2.000e-04,6.09314,0.88431,0.10123,0.27182,0.19298,0.29543,0.16421,0.63753,0.17681,0.46072,22.78480,27.32094,0,14.23,876.9
9800,32,2.000e-04,4.11836,0.85669,0.25329,0.13497,0.13883,0.13485,0.13547,0.45284,0.14916,0.30367,28.72109,21.76932,0,14.20,883.9
9900,33,2.000e-04,4.42545,0.34851,0.04326,0.19580,0.16309,0.27600,0.16873,0.53370,0.36559,0.16812,27.76555,25.76394,0,14.17,891.0
10000,33,2.000e-04,5.26819,0.20317,0.80417,0.20408,0.17744,0.22793,0.21771,0.41297,0.11900,0.29398,22.40124,24.15964,0,14.21,898.0
10100,33,2.000e-04,5.33736,0.34597,0.56028,0.18126,0.21622,0.19754,0.25880,0.51877,0.25893,0.25983,23.64791,17.17724,0,14.17,905.1
10200,34,2.000e-04,7.66118,0.69830,1.44074,0.18769,0.31481,0.18559,0.31155,0.49883,0.22559,0.27324,22.11427,10.94804,0,14.22,912.1
10300,34,2.000e-04,6.15870,0.25111,0.47213,0.16686,0.32350,0.21174,0.32017,0.47970,0.37925,0.10045,25.12545,27.43240,0,14.24,919.1
10400,34,2.000e-04,3.14355,0.29893,0.08212,0.11236,0.13333,0.12422,0.18134,0.75669,0.54470,0.21199,13.45927,18.08597,0,14.22,926.2
10500,35,2.000e-04,4.14372,0.37688,0.41765,0.19288,0.08876,0.40546,0.12738,0.56311,0.29952,0.26360,17.87478,11.88083,0,14.18,933.2
10600,35,2.000e-04,4.24696,0.46356,0.46811,0.16208,0.13857,0.17299,0.13577,0.54486,0.21986,0.32500,17.76975,18.33811,0,14.24,940.2
10700,35,2.000e-04,3.50599,0.52409,0.10598,0.16998,0.09229,0.16443,0.08881,0.52206,0.29732,0.22474,20.77839,24.54135,0,14.18,947.3
10800,36,2.000e-04,5.60630,0.24731,0.94833,0.24879,0.15365,0.24017,0.14615,0.34144,0.14391,0.19753,23.26457,12.79610,0,14.18,954.4
10900,36,2.000e-04,5.53758,0.25133,0.17721,0.13052,0.32899,0.18387,0.33006,0.20983,0.08488,0.12495,26.77778,15.65219,0,14.18,961.4
11000,36,2.000e-04,3.70624,0.74933,0.32438,0.13909,0.10261,0.12749,0.08801,0.47814,0.32891,0.14923,21.97761,19.74812,0,14.14,968.5
11100,37,2.000e-04,7.41287,0.33749,0.58203,0.23957,0.36839,0.18435,0.22942,0.56646,0.40303,0.16343,34.20975,18.86710,0,14.54,975.4
11200,37,2.000e-04,3.74747,0.03996,0.14514,0.12919,0.19327,0.17347,0.16431,0.54577,0.32649,0.21928,23.62063,9.32966,0,14.61,982.2
11300,37,2.000e-04,5.12241,0.16662,0.30015,0.16049,0.26355,0.17586,0.23940,0.49784,0.31321,0.18463,21.11994,19.17111,0,14.74,989.0
11400,38,2.000e-04,4.19636,0.36280,0.18996,0.14039,0.18630,0.12284,0.25390,0.32700,0.19964,0.12736,20.20940,8.04672,0,14.72,995.8
11500,38,2.000e-04,5.17919,0.41582,0.77704,0.12097,0.24030,0.13423,0.23940,0.58157,0.28128,0.30030,26.11446,16.52117,0,14.78,1002.5
11600,38,2.000e-04,4.70549,0.31130,0.33710,0.19368,0.17544,0.18542,0.18047,0.50689,0.25732,0.24957,35.67670,9.39522,0,14.70,1009.3
11700,39,2.000e-04,3.66293,0.24380,0.41892,0.11628,0.15828,0.11004,0.14453,0.47955,0.17796,0.30159,19.88487,16.69108,0,14.91,1016.1
11800,39,2.000e-04,5.14804,0.28097,0.13734,0.29218,0.13844,0.25434,0.16919,0.66582,0.40815,0.25767,30.24155,23.16626,0,14.76,1022.8
11900,39,2.000e-04,4.22945,0.35457,0.48221,0.12934,0.17061,0.15029,0.24288,0.50867,0.10075,0.40792,20.59735,21.02714,0,14.22,1029.9
12000,40,2.000e-04,4.16900,0.38685,0.25712,0.11442,0.20359,0.13070,0.21419,0.51536,0.27992,0.23544,17.94167,18.34909,0,1.37,1102.7
12100,40,2.000e-04,4.78109,0.57680,0.37911,0.23455,0.10784,0.26582,0.13549,0.38404,0.28781,0.09623,22.00486,14.08665,0,13.41,1110.1
12200,40,2.000e-04,3.99451,0.32233,0.51775,0.12972,0.15021,0.19054,0.16461,0.42808,0.22999,0.19809,20.67064,18.76124,0,14.90,1116.8
12300,41,2.000e-04,4.05579,0.31377,0.17153,0.16591,0.14978,0.22724,0.18625,0.42722,0.19412,0.23309,18.08618,9.51291,0,14.87,1123.6
12400,41,2.000e-04,5.60232,0.39086,0.59192,0.22090,0.20038,0.17857,0.22823,0.15167,0.07785,0.07383,22.35288,9.20494,0,14.54,1130.5
12500,41,2.000e-04,5.24547,0.54138,0.33486,0.18873,0.20993,0.13039,0.25219,0.41766,0.20390,0.21376,25.11153,16.44032,0,14.43,1137.4
12600,42,2.000e-04,3.64792,0.10964,0.21870,0.12932,0.17357,0.13432,0.15634,0.42609,0.25444,0.17165,15.21461,21.24549,0,14.32,1144.4
12700,42,2.000e-04,3.90182,0.80315,0.20611,0.16436,0.09686,0.15542,0.12492,0.58136,0.24426,0.33711,21.69736,16.49462,0,14.24,1151.4
12800,42,2.000e-04,3.39739,0.26188,0.34163,0.15533,0.10065,0.11064,0.12341,0.42768,0.19924,0.22844,23.03085,13.04804,0,14.25,1158.4
12900,43,2.000e-04,4.37100,0.41922,0.18797,0.20332,0.13657,0.19511,0.16977,0.57520,0.33073,0.24447,19.96231,12.53917,0,14.21,1165.4
13000,43,2.000e-04,3.24190,0.12539,0.37600,0.14346,0.10059,0.18987,0.11014,0.34716,0.23570,0.11146,29.43302,18.76212,0,14.26,1172.5
13100,43,2.000e-04,4.36714,0.41064,0.24466,0.16877,0.16741,0.14306,0.20698,0.33562,0.12374,0.21187,22.44699,9.09186,0,14.30,1179.5
13200,44,2.000e-04,4.40728,0.68723,0.30521,0.18935,0.12559,0.15916,0.10619,0.55417,0.36982,0.18435,18.96450,11.06721,0,14.31,1186.4
13300,44,2.000e-04,4.31319,0.21920,0.24885,0.14318,0.20666,0.19550,0.15126,0.41599,0.34271,0.07328,26.24467,7.40388,0,14.34,1193.4
13400,44,2.000e-04,3.28376,0.36409,0.41739,0.09027,0.12702,0.14511,0.18426,0.35682,0.13707,0.21975,12.29087,16.90837,0,14.32,1200.4
13500,45,2.000e-04,5.67215,0.50311,0.29839,0.27254,0.17124,0.25970,0.17308,0.54309,0.23196,0.31113,27.15493,18.77311,0,14.18,1207.5
13600,45,2.000e-04,4.87533,0.46917,0.74114,0.14626,0.16699,0.21857,0.31404,0.52919,0.26719,0.26200,22.42723,11.07841,0,14.17,1214.5
13700,45,2.000e-04,3.13528,0.54494,0.27905,0.09398,0.11466,0.10760,0.11734,0.37331,0.29110,0.08221,16.77929,8.33006,0,13.86,1221.7
13800,46,2.000e-04,3.96689,0.24340,0.07969,0.14966,0.18225,0.18748,0.13715,0.85785,0.67233,0.18553,25.12329,35.40826,0,14.10,1228.8
13900,46,2.000e-04,6.03950,0.61370,0.40457,0.17609,0.27630,0.18418,0.31322,0.34517,0.15331,0.19186,23.56638,7.38423,0,14.17,1235.9
14000,46,2.000e-04,3.74228,0.17669,0.23003,0.15979,0.14358,0.14334,0.15854,0.41677,0.22403,0.19275,20.45168,11.64430,0,14.16,1242.9
14100,47,2.000e-04,5.06242,0.35327,0.18509,0.14985,0.25428,0.21688,0.26578,0.70508,0.43430,0.27078,21.79061,13.77618,0,14.15,1250.0
14200,47,2.000e-04,5.40431,0.55750,0.57602,0.19010,0.19605,0.18183,0.22750,0.37042,0.23052,0.13990,21.54394,10.26547,0,14.78,1256.8
14300,47,2.000e-04,4.96250,0.32736,0.99210,0.17241,0.14598,0.26223,0.19689,0.36818,0.10167,0.26651,26.58191,15.07042,0,14.64,1263.6
14400,48,2.000e-04,4.36778,0.53337,0.30291,0.16371,0.15844,0.15293,0.15702,0.37091,0.15600,0.21491,28.14699,12.57611,0,14.62,1270.4
14500,48,2.000e-04,5.08495,0.40287,0.08236,0.22659,0.17896,0.34325,0.20090,0.63413,0.31416,0.31997,25.08011,32.76918,0,13.85,1277.7
14600,48,2.000e-04,4.03231,0.35394,0.42882,0.17590,0.11639,0.16359,0.16311,0.35348,0.11119,0.24229,23.10232,9.58871,0,14.02,1284.8
14700,49,2.000e-04,4.17081,0.45063,0.23301,0.17422,0.14110,0.16748,0.16647,0.60840,0.23345,0.37495,15.90488,12.57046,0,14.17,1291.8
14800,49,2.000e-04,3.69457,0.15412,0.21618,0.19444,0.10038,0.26901,0.10708,0.63368,0.28341,0.35027,23.32393,16.70309,0,14.25,1298.9
14900,49,2.000e-04,3.96525,0.28148,0.12834,0.11522,0.21717,0.13474,0.09678,0.54580,0.34596,0.19984,28.69184,23.18496,0,14.25,1305.9
15000,50,2.000e-04,4.69662,0.28780,0.44877,0.10789,0.25042,0.13090,0.24611,0.50877,0.31139,0.19738,21.41054,13.54963,0,1.38,1378.2
15100,50,2.000e-04,4.38450,0.04031,0.14945,0.17640,0.20735,0.20654,0.15075,0.48043,0.15396,0.32648,19.97804,11.88285,0,12.38,1386.3
15200,50,2.000e-04,4.10887,0.30399,0.42585,0.15274,0.15347,0.14849,0.16841,0.35976,0.09379,0.26598,20.38272,12.90387,0,14.27,1393.3
15300,51,2.000e-04,3.10831,0.10084,0.27647,0.11998,0.11952,0.13763,0.19837,0.59611,0.34490,0.25121,14.14155,15.30134,0,14.36,1400.2
15400,51,2.000e-04,3.36793,0.17467,0.27161,0.16031,0.10391,0.18319,0.09631,0.31035,0.14462,0.16574,13.71503,12.01847,0,14.37,1407.2
15500,51,2.000e-04,4.14375,0.04359,0.53234,0.18060,0.13940,0.20196,0.16588,0.49331,0.24781,0.24550,17.20426,14.03330,0,13.95,1414.4
15600,52,2.000e-04,4.28852,0.17429,0.98444,0.15588,0.12386,0.19578,0.13660,0.55261,0.44584,0.10677,10.94776,25.56019,0,14.10,1421.5
15700,52,2.000e-04,2.86482,0.25819,0.20180,0.11572,0.09121,0.19195,0.14350,0.49245,0.22291,0.26954,18.40602,7.65692,0,14.12,1428.5
15800,52,2.000e-04,4.63992,0.35715,0.43993,0.14178,0.20913,0.16434,0.16932,0.42497,0.16244,0.26253,19.85191,16.58759,0,14.12,1435.6
15900,53,2.000e-04,4.70290,0.32484,0.66158,0.17712,0.15659,0.17502,0.20427,0.65339,0.41864,0.23476,15.53951,14.78243,0,14.06,1442.7
16000,53,2.000e-04,5.81737,0.67384,0.21907,0.19854,0.25833,0.22209,0.13367,0.38317,0.25488,0.12829,33.35956,19.04625,0,14.29,1449.7
16100,53,2.000e-04,5.32928,0.47941,0.15112,0.24954,0.16649,0.32301,0.21543,0.40767,0.24588,0.16180,15.20035,14.89009,0,14.32,1456.7
16200,54,2.000e-04,3.35966,0.53432,0.06544,0.12498,0.12571,0.15081,0.10220,0.65901,0.41902,0.23999,19.30598,15.94147,0,14.27,1463.7
16300,54,2.000e-04,7.01682,0.26821,0.04063,0.20087,0.40841,0.24365,0.37149,0.42707,0.24692,0.18016,25.03814,8.28185,0,14.23,1470.8
16400,54,2.000e-04,4.55540,0.51003,0.42042,0.14594,0.19449,0.11709,0.10353,0.32272,0.16588,0.15685,27.89376,9.55873,0,14.26,1477.8
16500,55,2.000e-04,6.22576,0.55241,0.51244,0.13618,0.33763,0.14109,0.28171,0.22097,0.09869,0.12229,24.67384,13.53311,0,14.26,1484.8
16600,55,2.000e-04,4.43483,0.21252,0.22213,0.12814,0.23286,0.13986,0.25033,0.66187,0.23322,0.42865,22.92492,15.44954,0,14.33,1491.8
16700,55,2.000e-04,3.46136,0.30243,0.13260,0.14573,0.12806,0.14841,0.13998,0.46239,0.18041,0.28198,18.38475,9.26587,0,14.34,1498.7
16800,56,2.000e-04,5.63679,0.59435,0.03500,0.20687,0.23314,0.28698,0.32035,0.55077,0.20583,0.34494,34.34560,8.09964,0,14.30,1505.7
16900,56,2.000e-04,4.86511,0.15179,1.19863,0.15539,0.15923,0.24616,0.12241,0.48418,0.26041,0.22377,21.20935,22.39436,0,14.18,1512.8
17000,56,2.000e-04,3.73896,0.34336,0.46987,0.12752,0.13759,0.14481,0.12982,0.22143,0.06435,0.15708,29.97306,10.69627,0,14.27,1519.8
17100,57,2.000e-04,4.39565,0.46566,0.54308,0.15677,0.14501,0.18159,0.18752,0.46382,0.17816,0.28567,15.29386,16.18344,0,14.21,1526.8
17200,57,2.000e-04,3.82473,0.21528,1.03844,0.14017,0.09168,0.16151,0.09096,0.40735,0.29785,0.10950,11.90150,9.53107,0,14.21,1533.9
17300,57,2.000e-04,3.95259,0.07607,0.19334,0.17181,0.16892,0.11534,0.16063,0.37366,0.20527,0.16840,30.59588,13.05042,0,14.55,1540.7
17400,58,2.000e-04,4.20080,0.57022,0.68366,0.11113,0.14659,0.18554,0.18415,0.40843,0.19632,0.21210,20.36153,19.38732,0,14.79,1547.5
17500,58,2.000e-04,4.35190,0.61479,0.23719,0.16095,0.15317,0.12493,0.23387,0.42618,0.09732,0.32885,21.33075,15.88019,0,14.30,1554.5
17600,58,2.000e-04,4.27014,0.25105,0.31582,0.22723,0.10887,0.24035,0.10193,0.26991,0.15703,0.11288,17.53519,9.91450,0,14.16,1561.6
17700,59,2.000e-04,3.80022,0.15258,0.30869,0.14933,0.15199,0.16795,0.15778,0.35984,0.13074,0.22910,17.81979,10.04771,0,14.65,1568.4
17800,59,2.000e-04,3.72525,0.29378,0.92993,0.11448,0.11129,0.12284,0.12097,0.54775,0.27163,0.27612,19.41290,14.98382,0,14.25,1575.4
17900,59,2.000e-04,5.56274,0.26133,0.72209,0.15620,0.25615,0.22224,0.23350,0.35843,0.17968,0.17874,21.38774,13.78765,0,14.31,1582.4
18000,60,2.000e-04,3.94424,0.42043,0.07618,0.14747,0.15987,0.15691,0.21731,0.50825,0.16668,0.34157,17.36653,14.95262,0,1.50,1649.1
18100,60,2.000e-04,4.11657,0.67498,0.19996,0.14037,0.15572,0.15410,0.12667,0.51505,0.25176,0.26329,23.52190,9.87114,0,12.60,1657.0
18200,60,2.000e-04,6.57150,0.72614,0.25423,0.25435,0.24615,0.29119,0.29493,0.66160,0.18105,0.48055,26.54909,28.48738,0,14.10,1664.1
18300,61,2.000e-04,5.35057,0.67663,0.52867,0.18455,0.19691,0.17516,0.15553,0.70855,0.22978,0.47877,23.41460,7.53055,0,14.13,1671.2
18400,61,2.000e-04,6.19905,0.10589,0.72550,0.36582,0.13499,0.21967,0.13987,0.23539,0.12261,0.11278,36.12052,10.24624,0,14.06,1678.3
18500,61,2.000e-04,4.60495,0.53618,0.42336,0.12310,0.20297,0.17325,0.21146,0.36693,0.09841,0.26852,25.99488,12.85406,0,14.13,1685.4
18600,62,2.000e-04,5.06953,0.15753,0.60292,0.19093,0.19689,0.24440,0.18647,0.41187,0.15566,0.25620,27.05016,14.11502,0,14.12,1692.5
18700,62,2.000e-04,4.31696,0.67177,0.30019,0.18568,0.11429,0.20032,0.14496,0.49153,0.27094,0.22059,22.11993,16.31509,0,14.67,1699.3
18800,62,2.000e-04,4.89727,0.71267,0.39967,0.15987,0.17143,0.26821,0.20373,0.40927,0.09433,0.31494,31.27205,17.24821,0,14.79,1706.0
18900,63,2.000e-04,4.16821,0.38905,0.19688,0.14412,0.17577,0.17201,0.21137,0.71043,0.31792,0.39251,22.65683,18.66127,0,14.49,1712.9
19000,63,2.000e-04,6.77463,0.16963,0.43104,0.34655,0.19998,0.45454,0.25411,0.74191,0.33267,0.40924,25.80023,13.89970,0,14.09,1720.0
19100,63,2.000e-04,5.86110,0.51613,0.50389,0.21864,0.21489,0.33247,0.17334,0.39294,0.27159,0.12135,34.92633,7.76122,0,13.75,1727.3
19200,64,2.000e-04,6.48104,0.60552,0.20728,0.15091,0.35883,0.21149,0.35942,0.63591,0.28655,0.34936,43.47854,24.17193,0,14.06,1734.4
19300,64,2.000e-04,4.58531,0.47777,0.65433,0.13605,0.16170,0.23476,0.24096,0.43549,0.12500,0.31049,18.81686,13.65100,0,13.81,1741.7
19400,64,2.000e-04,4.10177,0.11907,0.42195,0.16052,0.15851,0.18704,0.18340,0.48148,0.24875,0.23274,19.59876,16.47714,0,13.83,1748.9
19500,65,2.000e-04,3.85301,0.30889,0.60748,0.12251,0.14558,0.10014,0.15565,0.36694,0.23557,0.13137,20.19567,4.66196,0,14.07,1756.0
19600,65,2.000e-04,4.17384,0.62044,0.54276,0.14056,0.12956,0.16080,0.14857,0.42917,0.22546,0.20372,18.42261,16.23768,0,14.27,1763.0
19700,65,2.000e-04,3.89603,0.51208,0.49327,0.13434,0.12532,0.13425,0.15977,0.33528,0.08045,0.25483,21.75945,7.71166,0,14.13,1770.1
19800,66,2.000e-04,3.55209,0.18336,0.56100,0.13415,0.11996,0.14337,0.12321,0.27807,0.17143,0.10664,34.24126,8.61089,0,13.89,1777.3
19900,66,2.000e-04,5.09799,0.29275,1.06114,0.17847,0.16404,0.18900,0.13000,0.29382,0.17056,0.12326,23.09462,8.75243,0,13.85,1784.5
20000,66,2.000e-04,4.82686,0.46043,0.68029,0.16797,0.16542,0.21047,0.14176,0.29237,0.21305,0.07932,19.92301,17.27537,0,13.88,1791.7
20100,67,2.000e-04,4.23585,0.43764,0.95821,0.10984,0.14506,0.14676,0.14422,0.26854,0.11079,0.15775,13.25695,18.32249,0,14.01,1798.8
20200,67,2.000e-04,3.49005,0.59076,0.10495,0.12398,0.13214,0.11919,0.11393,0.33829,0.15802,0.18027,19.01383,10.77787,0,14.11,1805.9
20300,67,2.000e-04,4.61087,0.24186,0.80930,0.14920,0.17529,0.14650,0.16826,0.40781,0.11183,0.29598,22.83273,12.28521,0,14.37,1812.9
20400,68,2.000e-04,4.53484,0.12477,0.16319,0.11288,0.26617,0.16267,0.29373,0.31551,0.14060,0.17491,17.55758,18.88158,0,14.42,1819.8
20500,68,2.000e-04,3.76898,0.46170,0.18121,0.13628,0.14448,0.17483,0.14361,0.40353,0.20352,0.20000,20.01100,7.77728,0,14.66,1826.7
20600,68,2.000e-04,5.48712,0.29318,0.59890,0.23206,0.18270,0.26784,0.17962,0.32485,0.08983,0.23502,31.36589,12.42734,0,14.66,1833.5
20700,69,2.000e-04,5.33695,0.27924,0.29347,0.11584,0.32042,0.11055,0.29112,0.31879,0.16915,0.14964,23.98121,9.89174,0,14.23,1840.5
20800,69,2.000e-04,4.47912,0.15871,0.23481,0.18344,0.18485,0.20769,0.19505,0.44961,0.29113,0.15848,13.57342,12.10445,0,14.66,1847.3
20900,69,2.000e-04,5.59371,0.69783,0.24552,0.29427,0.11725,0.42258,0.11257,0.80963,0.23534,0.57430,24.59481,18.48216,0,14.56,1854.2
21000,70,2.000e-04,3.89177,0.24690,0.20769,0.19600,0.10976,0.18363,0.19590,0.60941,0.37062,0.23880,18.62425,18.21175,0,1.65,1914.8
21100,70,2.000e-04,4.21487,0.18533,0.51117,0.15568,0.16789,0.13635,0.14632,0.42323,0.17464,0.24859,38.56143,13.66641,0,13.37,1922.3
21200,70,2.000e-04,4.01469,0.16719,0.47507,0.10535,0.19920,0.11780,0.20911,0.37761,0.24896,0.12865,20.88859,11.31576,0,14.01,1929.5
21300,71,2.000e-04,3.84105,0.36905,0.34478,0.13499,0.13900,0.22935,0.15801,0.54435,0.27139,0.27295,20.58839,14.24540,0,14.04,1936.6
21400,71,2.000e-04,5.63819,0.73973,0.36534,0.16675,0.24987,0.19079,0.17612,0.30289,0.15765,0.14525,32.67923,9.63219,0,14.52,1943.5
21500,71,2.000e-04,4.94885,0.56819,0.23087,0.14776,0.23630,0.09872,0.21050,0.63562,0.26997,0.36565,33.75856,21.54933,0,14.06,1950.6
21600,72,2.000e-04,4.17370,0.29463,0.43561,0.12851,0.18823,0.13495,0.14110,0.47490,0.18255,0.29235,20.46048,15.34451,0,12.95,1958.3
21700,72,2.000e-04,4.81990,0.14291,0.13495,0.26035,0.13885,0.34456,0.20553,0.44869,0.23680,0.21189,21.12994,11.00049,0,13.14,1965.9
21800,72,2.000e-04,4.01079,0.32394,0.12950,0.17295,0.14736,0.16269,0.19153,0.43205,0.17541,0.25665,25.50710,8.63529,0,13.86,1973.1
21900,73,2.000e-04,3.49985,0.27723,0.36753,0.15609,0.09644,0.20738,0.12238,0.71722,0.44569,0.27153,21.95837,14.69361,0,14.48,1980.0
22000,73,2.000e-04,2.91970,0.22981,0.14259,0.13138,0.09298,0.19047,0.11325,0.59582,0.34172,0.25410,18.05866,21.30945,0,14.36,1987.0
22100,73,2.000e-04,3.84212,0.09721,0.67836,0.13116,0.14133,0.18789,0.15384,0.61209,0.31472,0.29737,14.68626,23.48077,0,14.68,1993.8
22200,74,2.000e-04,4.98765,0.29718,0.42127,0.22587,0.15305,0.22901,0.25105,0.33452,0.06679,0.26773,20.75923,11.35246,0,14.65,2000.6
22300,74,2.000e-04,3.90797,0.06378,0.76576,0.17275,0.10476,0.18157,0.12177,0.52709,0.11978,0.40731,13.66437,16.92114,0,14.56,2007.5
22400,74,2.000e-04,3.79201,0.86768,0.25537,0.13213,0.09229,0.29548,0.12925,0.50986,0.17708,0.33277,17.54045,18.65789,0,14.58,2014.4
22500,75,2.000e-04,3.12594,0.43452,0.20919,0.11796,0.10246,0.08736,0.19068,0.41923,0.16992,0.24931,18.82264,10.80215,0,14.63,2021.2
22600,75,2.000e-04,4.36048,0.37065,0.20005,0.14020,0.19059,0.21233,0.26954,0.57345,0.25911,0.31434,19.50974,8.09752,0,13.83,2028.4
22700,75,2.000e-04,5.30115,0.63620,0.30051,0.18865,0.21728,0.17915,0.12592,0.72951,0.44840,0.28112,26.36023,22.38128,0,13.65,2035.7
22800,76,2.000e-04,3.14612,0.29972,0.07990,0.15655,0.09185,0.18649,0.09604,0.36568,0.22556,0.14011,16.61292,9.83481,0,13.90,2042.9
22900,76,2.000e-04,4.93668,0.73637,0.44623,0.15096,0.18762,0.16836,0.19986,0.74978,0.30055,0.44924,21.19763,21.68385,0,14.11,2050.0
23000,76,2.000e-04,4.10246,0.67392,0.10501,0.15856,0.14247,0.18415,0.12908,0.65542,0.25768,0.39774,20.05287,21.62862,0,13.97,2057.2
23100,77,2.000e-04,4.38972,0.62058,0.27238,0.20222,0.12285,0.15588,0.09026,0.37834,0.11163,0.26670,17.03117,20.01032,0,13.96,2064.3
23200,77,2.000e-04,3.70902,0.52909,0.38479,0.13443,0.11280,0.21592,0.10699,0.46605,0.16700,0.29905,17.72911,11.01159,0,14.28,2071.3
23300,77,2.000e-04,3.09179,0.13239,0.37765,0.10520,0.12821,0.12850,0.11914,0.44578,0.30390,0.14188,16.60584,9.45401,0,14.22,2078.4
23400,78,2.000e-04,3.84168,0.25945,0.29338,0.14298,0.15640,0.14806,0.14694,0.45863,0.27134,0.18729,19.88970,12.34313,0,13.23,2085.9
23500,78,2.000e-04,3.78717,0.41505,0.19448,0.12963,0.14297,0.24938,0.20225,0.44797,0.21057,0.23740,27.01187,11.86939,0,12.68,2093.8
23600,78,2.000e-04,6.75544,0.51647,0.54963,0.22462,0.28883,0.23999,0.31487,0.23134,0.12785,0.10348,22.05337,8.97725,0,12.39,2101.9
23700,79,2.000e-04,3.55842,0.28342,0.29802,0.12819,0.14393,0.12673,0.12907,0.28776,0.20083,0.08693,21.85970,7.42594,0,12.26,2110.1
23800,79,2.000e-04,4.87441,0.47920,0.81384,0.18162,0.14095,0.13436,0.22134,0.52748,0.34377,0.18371,26.63864,17.04189,0,12.55,2118.0
23900,79,2.000e-04,3.17171,0.39265,0.64380,0.09356,0.09856,0.10921,0.10484,0.35827,0.25175,0.10652,17.57381,8.64731,0,13.65,2125.3
24000,80,2.000e-04,4.71798,0.32283,0.79408,0.18003,0.14013,0.22952,0.16995,0.33735,0.15185,0.18549,25.72673,16.35237,0,1.43,2195.3
24100,80,2.000e-04,3.50730,0.27081,0.25573,0.16235,0.10795,0.18034,0.09739,0.27956,0.05021,0.22935,15.49833,15.72167,0,10.77,2204.6
24200,80,2.000e-04,4.61644,0.58602,0.43383,0.16823,0.15037,0.21251,0.19812,0.34078,0.06399,0.27679,22.15651,11.89170,0,12.42,2212.7
24300,81,2.000e-04,3.54944,0.70102,0.32086,0.11331,0.10897,0.18791,0.11683,0.24142,0.11375,0.12767,20.06733,10.02732,0,12.37,2220.8
24400,81,2.000e-04,4.76228,0.62445,0.35881,0.12756,0.21647,0.13047,0.20827,0.25936,0.05956,0.19981,34.97789,9.97664,0,12.37,2228.8
24500,81,2.000e-04,2.74025,0.13598,0.11669,0.11775,0.09781,0.16416,0.16783,0.46453,0.25508,0.20945,26.80406,8.06658,0,12.39,2236.9
24600,82,2.000e-04,4.24112,0.57120,0.54848,0.08880,0.19014,0.12432,0.20773,0.25093,0.20997,0.04096,15.71927,5.42676,0,12.41,2245.0
24700,82,2.000e-04,4.01096,0.06206,0.45823,0.14016,0.17686,0.17212,0.14835,0.49407,0.22756,0.26651,35.21187,18.20822,0,12.35,2253.1
24800,82,2.000e-04,5.20235,0.15762,0.51626,0.28667,0.13104,0.26126,0.09006,0.37176,0.19801,0.17376,25.56074,11.69883,0,12.35,2261.2
24900,83,2.000e-04,4.72092,0.18477,0.71666,0.22896,0.10260,0.40652,0.09740,0.28252,0.15716,0.12536,25.81238,12.47000,0,12.31,2269.3
25000,83,2.000e-04,2.76464,0.31732,0.18545,0.09983,0.09937,0.13163,0.13821,0.52564,0.14629,0.37935,15.63910,14.63677,0,12.35,2277.4
25100,83,2.000e-04,3.86083,0.91787,0.15695,0.13137,0.12149,0.12414,0.13332,0.63087,0.40984,0.22103,15.37238,16.25759,0,12.29,2285.5
25200,84,2.000e-04,3.84652,0.64847,0.32092,0.12057,0.13868,0.09743,0.18713,0.41110,0.19498,0.21611,20.78750,12.84329,0,12.79,2293.3
25300,84,2.000e-04,4.04870,0.08871,0.07119,0.10888,0.24299,0.14467,0.22544,0.39332,0.19748,0.19584,32.99011,7.37129,0,13.18,2300.9
25400,84,2.000e-04,4.32863,0.60345,0.23406,0.22279,0.09281,0.22679,0.10839,0.34839,0.12648,0.22191,18.34483,9.61307,0,13.55,2308.3
25500,85,2.000e-04,3.67082,0.45999,0.63678,0.14258,0.09017,0.12782,0.11870,0.36535,0.24440,0.12095,21.71917,15.53291,0,13.52,2315.7
25600,85,2.000e-04,3.95488,0.18900,0.55145,0.16657,0.12065,0.19284,0.14933,0.54951,0.31493,0.23459,31.06666,8.22901,0,13.61,2323.0
25700,85,2.000e-04,4.60985,0.29683,0.01278,0.15816,0.22167,0.30705,0.19483,0.59144,0.24942,0.34202,23.32657,10.74044,0,13.44,2330.5
25800,86,2.000e-04,5.37009,0.32094,0.10363,0.21438,0.24021,0.20470,0.19487,0.23375,0.08723,0.14652,26.15256,5.10210,0,13.52,2337.9
25900,86,2.000e-04,5.14889,0.37920,0.35229,0.20076,0.20887,0.18312,0.13798,0.30360,0.14338,0.16021,24.15379,9.31008,0,14.46,2344.8
26000,86,2.000e-04,3.18002,0.17079,0.43052,0.14324,0.08234,0.24114,0.08172,0.21278,0.10080,0.11197,23.99475,9.54286,0,14.54,2351.7
26100,87,2.000e-04,3.93434,0.10898,0.09853,0.17728,0.15363,0.16567,0.25200,1.07165,0.29743,0.77422,25.32020,9.75635,0,14.63,2358.5
26200,87,2.000e-04,3.85306,0.66323,0.03106,0.10426,0.17818,0.12162,0.21270,0.54123,0.12906,0.41217,21.75832,10.22840,0,14.61,2365.4
26300,87,2.000e-04,3.30095,0.04527,0.65756,0.10002,0.13667,0.12065,0.11057,0.98401,0.45886,0.52515,15.39008,23.15354,0,14.53,2372.2
26400,88,2.000e-04,4.13536,0.22813,0.42341,0.16240,0.14560,0.21140,0.19238,0.57294,0.21752,0.35543,17.92607,9.11135,0,14.49,2379.1
26500,88,2.000e-04,4.11071,0.13072,0.28081,0.12223,0.21396,0.13255,0.20476,0.65904,0.24023,0.41881,19.92194,8.94700,0,14.63,2386.0
26600,88,2.000e-04,5.24348,0.42623,1.06421,0.14815,0.18963,0.13192,0.24333,0.53336,0.23778,0.29559,39.40668,17.24561,0,14.59,2392.8
26700,89,2.000e-04,3.52375,0.13044,0.40245,0.12524,0.14713,0.16623,0.10097,0.33853,0.19748,0.14105,21.85534,14.05563,0,14.64,2399.7
26800,89,2.000e-04,5.05773,0.66472,0.34633,0.20173,0.15868,0.21010,0.23246,0.17124,0.06670,0.10453,19.94160,6.99167,0,14.49,2406.6
26900,89,2.000e-04,4.33040,0.39628,0.30124,0.17779,0.15229,0.17623,0.15584,0.53616,0.22187,0.31429,13.37991,13.24542,0,13.52,2414.0
27000,90,2.000e-04,3.65111,0.23156,0.28673,0.12384,0.16249,0.12234,0.14719,0.52450,0.20645,0.31805,28.13083,10.91352,0,1.49,2480.9
27100,90,2.000e-04,4.80389,0.61275,0.23344,0.17390,0.18404,0.18849,0.18982,0.42321,0.16461,0.25860,23.55033,9.87762,0,12.36,2489.0
27200,90,2.000e-04,4.23457,0.16014,0.65912,0.12617,0.18125,0.20058,0.14052,0.26912,0.12963,0.13950,20.86876,12.37094,0,13.43,2496.5
27300,91,2.000e-04,3.00688,0.48385,0.19348,0.11802,0.08993,0.12197,0.12802,0.53872,0.30974,0.22898,19.57484,8.61961,0,13.15,2504.1
27400,91,2.000e-04,3.63047,0.04912,0.57060,0.13056,0.14287,0.13821,0.13830,0.53382,0.20852,0.32531,19.04231,23.01861,0,14.38,2511.0
27500,91,2.000e-04,4.78813,0.56774,0.06835,0.20503,0.16754,0.23973,0.18664,0.70392,0.38360,0.32032,22.36217,13.68031,0,14.66,2517.8
27600,92,2.000e-04,3.62315,0.38592,0.54224,0.08291,0.15018,0.15130,0.21279,0.51290,0.15171,0.36119,14.99387,13.29966,0,14.07,2524.9
27700,92,2.000e-04,4.52503,0.48129,0.09122,0.19523,0.17005,0.15454,0.14513,0.42789,0.26220,0.16569,28.73914,15.81494,0,14.05,2532.1
27800,92,2.000e-04,3.80307,0.66476,0.19122,0.15146,0.10491,0.27648,0.10692,0.37103,0.24156,0.12947,23.17452,10.45701,0,14.61,2538.9
27900,93,2.000e-04,2.77436,0.19932,0.36383,0.09510,0.09834,0.15578,0.12097,0.35397,0.13438,0.21959,11.92285,12.27496,0,14.05,2546.0
28000,93,2.000e-04,3.35539,0.19810,0.62780,0.10188,0.12440,0.09720,0.16944,0.47185,0.28519,0.18666,12.05745,4.94581,0,13.89,2553.2
28100,93,2.000e-04,4.99368,0.56252,0.37960,0.12001,0.24807,0.12061,0.25018,0.34865,0.22965,0.11900,20.30474,10.29988,0,13.79,2560.5
28200,94,2.000e-04,4.60810,0.46426,0.59962,0.20853,0.11415,0.21997,0.09749,0.19521,0.05546,0.13975,22.25062,7.82822,0,13.59,2567.8
28300,94,2.000e-04,3.20817,0.11884,0.17186,0.15023,0.11115,0.18110,0.12264,0.31810,0.08360,0.23450,15.39640,8.84745,0,14.41,2574.8
28400,94,2.000e-04,3.60692,0.24850,0.06103,0.10332,0.20323,0.12694,0.10496,0.76164,0.26525,0.49639,23.32324,15.78330,0,13.81,2582.0
28500,95,2.000e-04,3.43243,0.19349,0.35008,0.13101,0.12315,0.20493,0.14236,0.43081,0.11615,0.31466,20.39321,13.07856,0,13.91,2589.2
28600,95,2.000e-04,3.60616,0.28869,0.43534,0.12489,0.12951,0.18144,0.15671,0.36867,0.19846,0.17022,14.97154,7.24078,0,13.94,2596.4
28700,95,2.000e-04,4.98292,0.43285,0.53327,0.11186,0.23907,0.14823,0.35925,0.46773,0.23181,0.23592,16.96811,10.59195,0,14.12,2603.5
28800,96,2.000e-04,4.59840,0.69708,0.14470,0.15567,0.18696,0.18559,0.14478,0.42244,0.24697,0.17547,18.39458,12.09964,0,14.38,2610.4
28900,96,2.000e-04,3.54687,0.18990,0.33990,0.16033,0.11001,0.20438,0.10932,0.42299,0.29287,0.13013,22.47352,9.77102,0,14.28,2617.4
29000,96,2.000e-04,3.80888,0.31271,0.28724,0.13168,0.15011,0.10368,0.28731,0.48299,0.16360,0.31939,23.67645,12.32221,0,14.09,2624.5
29100,97,2.000e-04,4.82107,0.34593,0.28475,0.16739,0.22297,0.15248,0.13427,0.52474,0.33730,0.18744,25.30246,12.41453,0,14.09,2631.6
29200,97,2.000e-04,4.27831,0.24867,0.24286,0.21445,0.13172,0.17393,0.15110,0.42687,0.19811,0.22876,41.29766,12.38067,0,14.06,2638.7
29300,97,2.000e-04,3.66065,0.03989,0.28562,0.12929,0.17402,0.18222,0.11984,1.25228,0.47864,0.77364,30.73472,32.11065,0,13.97,2645.9
29400,98,2.000e-04,2.84860,0.09063,0.23208,0.13600,0.09139,0.13708,0.11491,0.42905,0.12545,0.30360,13.81283,25.48957,0,14.11,2653.0
29500,98,2.000e-04,3.68516,0.49168,0.12232,0.12345,0.15700,0.09722,0.16941,0.44895,0.20136,0.24759,20.09813,15.57325,0,13.96,2660.1
29600,98,2.000e-04,3.59023,0.52303,0.23139,0.11648,0.13220,0.19431,0.15463,0.50967,0.32373,0.18595,17.06633,21.53392,0,13.85,2667.3
29700,99,2.000e-04,4.28809,0.16478,0.59455,0.13616,0.17485,0.22589,0.19279,0.62968,0.33981,0.28987,19.87682,10.67062,0,13.91,2674.5
29800,99,2.000e-04,3.57688,0.38011,0.79864,0.09508,0.11713,0.08993,0.18611,0.46812,0.12636,0.34176,16.06507,5.18648,0,13.78,2681.8
29900,99,2.000e-04,4.57173,0.54298,0.30505,0.17797,0.15852,0.18675,0.17208,0.45207,0.18014,0.27193,33.83445,8.07882,0,13.96,2688.9
30000,100,2.000e-04,2.49416,0.23960,0.07611,0.09443,0.09887,0.12995,0.11546,0.40059,0.20702,0.19357,9.85324,8.92160,0,1.38,2761.6
30100,100,2.000e-04,4.08292,0.65284,0.28117,0.16256,0.11227,0.22629,0.17436,0.33152,0.11822,0.21329,25.06775,10.06057,0,12.73,2769.4
30200,100,2.000e-04,5.99239,0.42920,0.35285,0.14179,0.33146,0.13764,0.34018,0.65229,0.32050,0.33179,35.97100,19.97342,0,14.03,2776.5
30300,101,2.000e-04,4.17364,0.31588,0.60236,0.13540,0.15462,0.19360,0.16152,0.51588,0.28165,0.23422,25.14864,9.94360,0,13.41,2784.0
30400,101,2.000e-04,2.73651,0.13568,0.12692,0.14789,0.07685,0.12760,0.09893,0.62423,0.27684,0.34739,13.48794,10.95399,0,13.78,2791.3
30500,101,2.000e-04,4.69246,0.09074,0.65579,0.15178,0.20499,0.19514,0.18310,0.69511,0.33076,0.36435,19.30361,13.72319,0,13.90,2798.5
30600,102,2.000e-04,3.75742,0.23077,0.76923,0.14288,0.10651,0.15247,0.11106,0.79218,0.59084,0.20135,26.65834,16.92280,0,14.01,2805.6
30700,102,2.000e-04,2.97899,0.43771,0.14422,0.11237,0.10174,0.15188,0.10408,0.36622,0.10905,0.25717,16.59387,11.73085,0,13.64,2812.9
30800,102,2.000e-04,4.31389,0.53858,0.20790,0.16246,0.16223,0.17741,0.14316,0.29903,0.18851,0.11052,16.87763,5.39890,0,14.68,2819.7
30900,103,2.000e-04,4.50677,0.79316,0.99652,0.11798,0.12981,0.10778,0.13139,0.43340,0.14623,0.28717,20.08368,11.23150,0,14.03,2826.9
31000,103,2.000e-04,3.27382,0.08916,0.28477,0.17831,0.08245,0.18210,0.11026,0.46112,0.17636,0.28476,16.48858,7.22945,0,13.76,2834.1
31100,103,2.000e-04,4.03898,0.37043,0.23641,0.17608,0.13259,0.21424,0.13111,0.33484,0.08746,0.24738,15.78595,7.57034,0,13.89,2841.3
31200,104,2.000e-04,4.37004,0.54369,0.16667,0.10452,0.22309,0.10889,0.27471,0.35159,0.23009,0.12150,14.84888,17.37744,0,14.06,2848.4
31300,104,2.000e-04,3.91489,0.82102,0.10202,0.11923,0.14901,0.12780,0.18167,0.35707,0.25017,0.10690,73.57427,12.32010,0,14.07,2855.5
31400,104,2.000e-04,3.49659,0.34083,0.56725,0.13546,0.09461,0.17816,0.10966,0.53083,0.28776,0.24307,19.30502,11.47209,0,14.40,2862.5
31500,105,2.000e-04,5.26012,0.54715,0.47895,0.20314,0.15925,0.32166,0.28848,0.55357,0.16763,0.38594,32.38194,10.61219,0,14.26,2869.5
31600,105,2.000e-04,3.57993,0.45890,0.15014,0.14840,0.12245,0.14043,0.12198,0.46694,0.28443,0.18251,17.99817,15.39870,0,14.18,2876.6
31700,105,2.000e-04,4.07904,0.53050,0.77933,0.12291,0.12896,0.12474,0.12573,0.54265,0.28375,0.25890,24.95784,17.52694,0,14.00,2883.7
31800,106,2.000e-04,3.73157,0.62744,0.56286,0.12054,0.10443,0.13562,0.15594,0.37329,0.15868,0.21460,25.04652,9.47266,0,14.19,2890.8
31900,106,2.000e-04,3.53742,0.53212,0.18715,0.13379,0.11644,0.16373,0.15203,0.39567,0.12234,0.27332,10.64072,6.66264,0,14.69,2897.6
32000,106,2.000e-04,3.47988,0.10092,0.53452,0.08889,0.16821,0.10378,0.16966,0.49134,0.20784,0.28350,12.46974,7.58033,0,14.83,2904.3
32100,107,2.000e-04,3.19485,0.32616,0.40885,0.10299,0.11721,0.13277,0.12509,0.63842,0.44959,0.18883,13.59077,7.34884,0,14.84,2911.0
32200,107,2.000e-04,4.58148,0.91353,0.79646,0.16026,0.09902,0.17290,0.10584,0.24923,0.09511,0.15412,15.05931,16.10853,0,14.75,2917.8
32300,107,2.000e-04,4.45939,0.29146,1.09363,0.11743,0.16065,0.17038,0.12313,0.36143,0.27899,0.08244,25.94823,10.66798,0,14.61,2924.7
32400,108,2.000e-04,2.79542,0.08352,0.06421,0.12163,0.10889,0.13135,0.21115,0.70911,0.44645,0.26266,23.52350,9.96064,0,14.61,2931.5
32500,108,2.000e-04,4.04022,0.98154,0.05890,0.11178,0.15309,0.17132,0.17975,0.84057,0.37350,0.46706,15.86411,22.67912,0,14.70,2938.3
32600,108,2.000e-04,3.73220,0.72818,0.45718,0.09838,0.12628,0.11419,0.18611,0.38621,0.23304,0.15318,15.20449,12.35394,0,14.71,2945.1
32700,109,2.000e-04,3.35490,0.71611,0.33331,0.10907,0.08328,0.19128,0.19076,0.49647,0.21202,0.28445,20.67090,9.42972,0,14.79,2951.9
32800,109,2.000e-04,3.09497,0.15205,0.28799,0.09993,0.13831,0.13507,0.13749,0.35125,0.13324,0.21801,16.16692,8.90825,0,14.62,2958.7
32900,109,2.000e-04,4.63418,0.55864,0.38783,0.21893,0.11319,0.23363,0.13287,0.30728,0.19295,0.11434,28.35538,3.34242,0,14.39,2965.7
33000,110,2.000e-04,4.21867,0.46657,0.02004,0.17412,0.15327,0.24632,0.21192,0.56641,0.14131,0.42509,23.06632,11.34797,0,1.34,3040.3
33100,110,2.000e-04,3.76989,0.34885,0.63750,0.12451,0.11893,0.15608,0.19306,0.41262,0.21846,0.19416,14.06935,7.86967,0,11.32,3049.1
33200,110,2.000e-04,3.47613,0.70726,0.21780,0.14339,0.08498,0.18662,0.08073,0.36148,0.15112,0.21036,20.55570,9.77783,0,12.64,3057.0
33300,111,2.000e-04,3.80664,0.19477,0.16091,0.11366,0.20081,0.10361,0.20273,0.41243,0.24922,0.16320,14.00038,8.28642,0,13.88,3064.2
33400,111,2.000e-04,4.04587,0.28878,0.14040,0.17039,0.15684,0.12257,0.22177,0.52273,0.23813,0.28460,25.41898,10.19419,0,14.50,3071.1
33500,111,2.000e-04,4.19720,0.51429,0.35649,0.14634,0.15842,0.15557,0.12332,0.36557,0.19018,0.17539,18.44657,9.58913,0,14.31,3078.1
33600,112,2.000e-04,3.87900,0.66062,0.36982,0.12553,0.12812,0.15271,0.15937,0.38787,0.13850,0.24937,17.17381,17.43184,0,14.44,3085.0
33700,112,2.000e-04,3.78514,0.27008,0.24499,0.11729,0.17467,0.17544,0.17502,0.49050,0.14189,0.34860,24.69652,7.87496,0,14.19,3092.1
33800,112,2.000e-04,3.09703,0.32670,0.62586,0.12744,0.06764,0.12206,0.07162,0.22233,0.12545,0.09688,36.47087,5.04789,0,14.06,3099.2
33900,113,2.000e-04,4.36290,0.25345,0.40418,0.17893,0.15937,0.15524,0.16709,0.60470,0.28167,0.32303,24.52837,11.16335,0,14.17,3106.3
34000,113,2.000e-04,4.49637,0.46869,0.28454,0.16633,0.16839,0.16032,0.23562,0.57504,0.15691,0.41813,22.65365,5.27584,0,14.17,3113.3
34100,113,2.000e-04,4.00171,0.31976,0.51737,0.13119,0.16086,0.15171,0.09240,0.63683,0.30895,0.32788,29.18857,19.64001,0,14.38,3120.3
34200,114,2.000e-04,2.98345,0.37197,0.44958,0.07713,0.11145,0.14497,0.13109,0.29849,0.09667,0.20182,11.48664,6.88956,0,14.00,3127.4
34300,114,2.000e-04,3.60606,0.18568,0.04756,0.19998,0.10257,0.21368,0.13360,0.46623,0.23351,0.23271,19.02855,7.44724,0,14.07,3134.5
34400,114,2.000e-04,4.86217,0.54386,0.17429,0.12485,0.23595,0.22525,0.31074,0.61977,0.41793,0.20184,18.36587,19.22114,0,14.14,3141.6
34500,115,2.000e-04,4.61214,0.62297,0.24828,0.11266,0.22664,0.13154,0.21636,0.55840,0.18471,0.37369,19.46429,19.26211,0,14.74,3148.4
34600,115,2.000e-04,4.01288,0.45379,0.45039,0.12751,0.15314,0.15723,0.14494,0.40171,0.25989,0.14182,20.31354,4.73181,0,14.72,3155.2
34700,115,2.000e-04,4.18364,0.33624,0.43640,0.11169,0.18362,0.26835,0.18959,0.19643,0.13202,0.06441,43.35595,10.93713,0,14.71,3162.0
34800,116,2.000e-04,3.73161,0.43650,0.22261,0.09630,0.18164,0.13232,0.16080,0.21390,0.13659,0.07731,24.88728,12.80856,0,14.74,3168.7
34900,116,2.000e-04,3.43594,0.17372,0.39268,0.12516,0.12694,0.18074,0.16782,0.42767,0.15361,0.27406,18.69484,9.15983,0,14.87,3175.5
35000,116,2.000e-04,3.39363,0.19639,0.24848,0.14061,0.12575,0.09910,0.18606,0.48396,0.14700,0.33697,21.38621,5.00819,0,14.82,3182.2
35100,117,2.000e-04,3.50625,0.10411,0.25620,0.11900,0.16214,0.16988,0.16471,0.48554,0.15575,0.32978,15.32566,9.32738,0,14.84,3189.0
35200,117,2.000e-04,3.49875,0.04432,0.32218,0.07976,0.20839,0.14643,0.10437,0.49044,0.27837,0.21207,17.04289,10.20204,0,14.79,3195.7
35300,117,2.000e-04,4.82418,0.77628,0.61204,0.17263,0.14169,0.15158,0.14105,0.80115,0.24825,0.55290,23.43850,25.30907,0,14.73,3202.5
35400,118,2.000e-04,3.30549,0.32985,0.42875,0.10911,0.11941,0.12988,0.13177,0.45491,0.29997,0.15494,16.36425,5.49268,0,14.62,3209.3
35500,118,2.000e-04,5.14196,0.31028,0.37014,0.18813,0.22155,0.15875,0.20597,0.36914,0.16524,0.20390,31.58944,4.84296,0,14.57,3216.2
35600,118,2.000e-04,5.10781,0.50331,0.09063,0.14003,0.25883,0.27921,0.24609,0.39014,0.14496,0.24518,44.89009,9.95836,0,14.56,3223.1
35700,119,2.000e-04,2.80532,0.40407,0.53993,0.08817,0.07728,0.12830,0.07858,0.20721,0.06863,0.13858,22.61387,4.95034,0,14.04,3230.2
35800,119,2.000e-04,4.17896,0.21981,0.42290,0.19209,0.13101,0.20589,0.09939,0.34922,0.18807,0.16115,23.07489,17.53059,0,13.76,3237.5
35900,119,2.000e-04,2.60010,0.05896,0.23959,0.10747,0.09698,0.17710,0.08000,0.56671,0.24142,0.32529,13.15500,11.85729,0,14.26,3244.5
36000,120,2.000e-04,2.92553,0.34048,0.36948,0.09501,0.10023,0.16338,0.09979,0.16537,0.06344,0.10193,16.38383,9.30201,0,1.35,3318.5
36100,120,2.000e-04,3.07020,0.31439,0.48511,0.08878,0.10964,0.18643,0.10003,0.47295,0.24905,0.22391,25.07043,13.64334,0,12.37,3326.6
36200,120,2.000e-04,3.28074,0.30107,0.50308,0.12165,0.09737,0.13835,0.14804,0.27145,0.03224,0.23921,15.11813,12.36752,0,14.13,3333.6
36300,121,2.000e-04,3.31433,0.23400,0.12020,0.13052,0.12984,0.19881,0.15768,0.35615,0.05534,0.30082,17.77094,9.70105,0,14.10,3340.7
36400,121,2.000e-04,4.31369,0.02242,0.84973,0.18192,0.12867,0.18141,0.15423,0.61376,0.15618,0.45758,21.62210,27.43415,0,14.08,3347.8
36500,121,2.000e-04,4.09053,0.65648,0.48406,0.14457,0.11357,0.22273,0.14586,0.55843,0.25895,0.29948,17.99521,14.99337,0,14.02,3355.0
36600,122,2.000e-04,6.55756,0.15388,0.49572,0.13079,0.40166,0.16755,0.41588,0.66018,0.23660,0.42358,34.64821,12.81443,0,14.02,3362.1
36700,122,2.000e-04,3.09137,0.07386,0.15040,0.12386,0.13017,0.15408,0.17269,0.36390,0.16191,0.20199,13.49299,10.01208,0,14.00,3369.2
36800,122,2.000e-04,3.07872,0.27213,0.13952,0.14670,0.09230,0.15327,0.12382,0.67902,0.35114,0.32788,11.55728,8.01370,0,14.20,3376.3
36900,123,2.000e-04,4.13873,0.55344,0.41132,0.12378,0.15400,0.16016,0.23595,0.55201,0.24552,0.30648,25.17415,9.64305,0,14.13,3383.4
37000,123,2.000e-04,3.91222,0.37936,0.52192,0.14584,0.10839,0.34533,0.12326,0.60538,0.29821,0.30717,18.06203,13.21523,0,14.23,3390.4
37100,123,2.000e-04,3.77217,0.35408,0.16380,0.12035,0.17517,0.14830,0.15079,0.56663,0.14300,0.42363,17.73610,7.20379,0,14.19,3397.4
37200,124,2.000e-04,3.91487,0.76791,0.32044,0.11165,0.13866,0.13590,0.18752,0.55345,0.33456,0.21890,15.97750,7.29437,0,14.19,3404.5
37300,124,2.000e-04,3.74090,0.12599,0.68601,0.10107,0.15973,0.13773,0.18313,0.70520,0.47270,0.23250,17.96235,6.77179,0,14.12,3411.6
37400,124,2.000e-04,2.78266,0.26092,0.40415,0.08401,0.10357,0.08688,0.15491,0.23636,0.15905,0.07731,20.72909,6.92752,0,14.09,3418.7
37500,125,2.000e-04,7.28429,0.62000,0.94969,0.15025,0.36270,0.15100,0.43404,0.30527,0.11887,0.18640,38.26785,11.03592,0,14.15,3425.7
37600,125,2.000e-04,3.72150,0.35189,0.48108,0.09919,0.15866,0.18851,0.12152,0.29969,0.10905,0.19064,26.23624,17.05179,0,14.24,3432.8
37700,125,2.000e-04,4.15173,0.39650,0.19873,0.18037,0.13203,0.23325,0.19919,0.45605,0.19321,0.26284,27.84328,15.14730,0,14.17,3439.8
37800,126,2.000e-04,5.06581,0.43794,0.37734,0.15927,0.21999,0.18656,0.27131,0.52418,0.26466,0.25952,26.91574,14.51149,0,14.09,3446.9
37900,126,2.000e-04,3.82289,0.36448,0.20277,0.15867,0.13075,0.17568,0.18579,0.35412,0.05832,0.29580,14.43144,13.44345,0,14.11,3454.0
38000,126,2.000e-04,3.31941,0.61925,0.04226,0.09273,0.14471,0.11806,0.16541,0.50807,0.26765,0.24042,16.97428,16.92626,0,14.61,3460.8
38100,127,2.000e-04,3.11616,0.02809,0.53559,0.10513,0.11907,0.13299,0.17746,0.29545,0.11676,0.17869,21.01258,14.67108,0,14.85,3467.6
38200,127,2.000e-04,3.92884,0.70330,0.20415,0.14935,0.11942,0.18540,0.14829,0.33802,0.19241,0.14561,15.01414,10.59313,0,14.85,3474.3
38300,127,2.000e-04,4.41010,1.05898,0.16839,0.13308,0.15066,0.16744,0.17786,0.50305,0.18789,0.31516,18.92211,16.29815,0,14.84,3481.1
38400,128,2.000e-04,4.30295,0.51741,0.42606,0.11288,0.18979,0.13773,0.19501,0.52654,0.32559,0.20095,15.73641,8.33432,0,14.89,3487.8
38500,128,2.000e-04,3.67148,0.61384,0.12489,0.10550,0.15372,0.17135,0.16923,0.24031,0.10039,0.13992,31.09050,2.94522,0,14.91,3494.5
38600,128,2.000e-04,4.35825,0.29173,0.22456,0.20282,0.14421,0.21057,0.16109,0.37583,0.21133,0.16450,19.97431,7.06787,0,14.86,3501.2
38700,129,2.000e-04,4.18905,0.48256,0.84759,0.14911,0.11217,0.14019,0.10597,0.19392,0.10348,0.09044,19.56110,5.92556,0,14.87,3507.9
38800,129,2.000e-04,3.67694,0.71768,0.22548,0.14056,0.10911,0.12264,0.11446,0.55951,0.21088,0.34863,20.52997,20.42427,0,14.85,3514.7
38900,129,2.000e-04,4.02425,0.44729,0.45876,0.19249,0.08383,0.24164,0.11342,0.21297,0.08882,0.12415,22.43617,7.29556,0,14.90,3521.4
39000,130,2.000e-04,3.39531,0.39103,0.23033,0.14905,0.09462,0.24024,0.09706,0.68690,0.27005,0.41685,25.58341,11.28529,0,1.33,3596.8
39100,130,2.000e-04,3.29884,0.32916,0.15286,0.14274,0.11175,0.16918,0.10276,0.37302,0.29094,0.08208,21.01790,8.25505,0,12.80,3604.6
39200,130,2.000e-04,3.09113,0.49738,0.30210,0.10234,0.10317,0.12475,0.11183,0.39758,0.30470,0.09287,11.28232,12.32591,0,14.11,3611.7
39300,131,2.000e-04,3.14543,0.26264,0.30389,0.11470,0.11592,0.14360,0.12909,0.54636,0.23511,0.31125,17.24751,12.05786,0,14.11,3618.8
39400,131,2.000e-04,4.26204,0.43688,0.67440,0.17654,0.09972,0.19365,0.19450,0.37288,0.23110,0.14178,18.44201,7.14402,0,14.11,3625.9
39500,131,2.000e-04,4.76711,0.40100,0.28696,0.13111,0.23883,0.15648,0.22328,0.25371,0.06979,0.18392,31.81724,9.29037,0,14.17,3632.9
39600,132,2.000e-04,3.62314,0.27296,0.84430,0.12527,0.09219,0.16021,0.17109,0.22465,0.12004,0.10462,15.55891,5.98566,0,14.10,3640.0
39700,132,2.000e-04,3.60741,0.19829,0.14489,0.18690,0.10663,0.20104,0.12788,0.57702,0.28629,0.29073,15.08293,7.60942,0,14.08,3647.1
39800,132,2.000e-04,4.12802,0.58891,0.19895,0.14407,0.15286,0.20372,0.16716,0.48626,0.19396,0.29230,19.04756,7.31183,0,14.10,3654.2
39900,133,2.000e-04,4.03980,0.91044,0.31227,0.13863,0.11673,0.14894,0.11452,0.67062,0.38790,0.28272,16.23487,17.17437,0,14.13,3661.3
40000,133,2.000e-04,3.40368,0.42062,0.28278,0.09597,0.14794,0.13811,0.12308,0.40104,0.19292,0.20812,24.30873,13.22439,0,14.06,3668.4
40100,133,2.000e-04,3.68587,0.04928,0.36402,0.13710,0.16053,0.17212,0.12413,0.40695,0.21086,0.19610,22.68000,14.35760,0,14.10,3675.5
40200,134,2.000e-04,3.77767,0.55819,0.34779,0.16692,0.08843,0.17172,0.14644,0.24969,0.16484,0.08485,19.45093,6.15258,0,13.94,3682.7
40300,134,2.000e-04,3.95684,0.44446,0.32223,0.16343,0.12607,0.13947,0.15572,0.70398,0.45301,0.25097,15.26406,8.50844,0,14.40,3689.6
40400,134,2.000e-04,3.42329,0.22467,0.76703,0.12653,0.08538,0.15330,0.15928,0.36876,0.30042,0.06834,15.27013,13.43490,0,14.90,3696.3
40500,135,2.000e-04,3.49897,0.03426,0.03270,0.12006,0.17819,0.22658,0.22289,0.57204,0.15171,0.42034,24.09437,17.30879,0,14.87,3703.0
40600,135,2.000e-04,8.95278,0.48530,1.48047,0.13469,0.50522,0.18182,0.40610,0.27497,0.08556,0.18941,23.52101,10.92297,0,14.90,3709.7
40700,135,2.000e-04,3.99209,0.56891,0.60116,0.14649,0.09315,0.29467,0.13102,0.55746,0.17928,0.37818,16.88400,8.52753,0,14.89,3716.5
40800,136,2.000e-04,3.23641,0.44354,0.06759,0.09625,0.15589,0.11050,0.09341,0.29943,0.11062,0.18881,16.45242,7.45644,0,14.94,3723.2
40900,136,2.000e-04,4.38605,0.54278,0.39662,0.13443,0.17480,0.16615,0.18822,0.22574,0.16368,0.06206,19.03578,7.47477,0,14.79,3729.9
41000,136,2.000e-04,3.44999,0.32399,0.18557,0.13013,0.13505,0.16421,0.12444,0.43151,0.16475,0.26676,16.02565,13.62266,0,12.81,3737.7
41100,137,2.000e-04,4.01471,0.54330,1.08225,0.09924,0.11614,0.12351,0.11185,0.25019,0.17047,0.07972,20.41406,8.00485,0,13.67,3745.0
41200,137,2.000e-04,4.53960,0.61385,0.31354,0.12834,0.19630,0.15283,0.21295,0.40062,0.23017,0.17045,20.73819,4.15436,0,14.10,3752.1
41300,137,2.000e-04,5.09023,0.22508,0.10389,0.08109,0.33805,0.14511,0.42470,0.77882,0.36175,0.41706,24.48573,13.25075,0,13.99,3759.3
41400,138,2.000e-04,2.74216,0.07949,0.19384,0.11395,0.10732,0.14426,0.11182,0.55320,0.31726,0.23593,17.54656,13.91667,0,14.16,3766.3
41500,138,2.000e-04,4.08684,0.29149,0.36786,0.17602,0.14012,0.17059,0.09547,0.48223,0.25959,0.22264,24.25784,8.32345,0,14.15,3773.4
41600,138,2.000e-04,4.31420,0.36282,0.31429,0.21187,0.12103,0.19696,0.11112,0.40729,0.18326,0.22404,29.27397,14.63469,0,14.13,3780.5
41700,139,2.000e-04,4.09261,0.83351,0.16312,0.10240,0.17762,0.08033,0.21543,0.66004,0.27223,0.38781,24.38092,17.44711,0,14.26,3787.5
41800,139,2.000e-04,4.23048,0.39786,0.10893,0.11444,0.21460,0.15026,0.28306,0.60150,0.23390,0.36760,17.79929,5.99378,0,14.54,3794.4
41900,139,2.000e-04,3.45252,0.47238,0.53154,0.13862,0.08550,0.14420,0.06315,0.17185,0.02770,0.14416,19.60347,9.46969,0,14.87,3801.1
42000,140,2.000e-04,3.49771,0.76290,0.20382,0.10748,0.11810,0.11541,0.15981,0.27955,0.21995,0.05960,18.00361,5.04220,0,1.25,3880.8
42100,140,2.000e-04,4.42156,0.71833,0.29322,0.11027,0.20498,0.13931,0.11819,0.57645,0.25407,0.32238,30.76247,9.66642,0,12.82,3888.6
42200,140,2.000e-04,4.89922,0.18763,0.88976,0.13827,0.20491,0.19406,0.19595,0.36663,0.04145,0.32518,21.69382,23.82795,0,13.87,3895.8
42300,141,2.000e-04,4.27080,0.27782,0.63412,0.19575,0.10909,0.17138,0.13908,0.43894,0.22699,0.21195,26.50293,11.24617,0,13.56,3903.2
42400,141,2.000e-04,3.81027,0.99144,0.15446,0.11088,0.12472,0.17125,0.13707,0.56738,0.16677,0.40060,15.65100,18.72654,0,13.76,3910.5
42500,141,2.000e-04,2.65779,0.20495,0.16739,0.09555,0.10620,0.14319,0.12479,0.34100,0.21722,0.12377,21.53574,8.81565,0,13.81,3917.7
42600,142,2.000e-04,4.06615,0.44714,0.05665,0.15596,0.16612,0.13341,0.20814,0.50904,0.26027,0.24877,13.94576,10.85338,0,14.18,3924.8
42700,142,2.000e-04,3.62225,0.63153,0.18661,0.11504,0.13283,0.15907,0.16634,0.45961,0.18178,0.27783,12.77423,13.81388,0,14.21,3931.8
42800,142,2.000e-04,4.00615,0.29372,0.53926,0.12644,0.16400,0.17628,0.09241,0.28010,0.16076,0.11933,21.64684,10.08579,0,14.08,3938.9
42900,143,2.000e-04,4.11052,0.88002,0.70153,0.15501,0.07578,0.14674,0.07436,0.37540,0.16877,0.20664,17.22870,13.70234,0,13.98,3946.1
43000,143,2.000e-04,4.07182,0.54388,0.22319,0.08672,0.21250,0.13577,0.17672,0.31283,0.12573,0.18710,39.79609,6.99995,0,14.00,3953.2
43100,143,2.000e-04,4.32785,0.08464,0.40301,0.12819,0.21795,0.20058,0.17816,0.69833,0.45324,0.24509,21.16822,8.31758,0,14.04,3960.3
43200,144,2.000e-04,4.76211,0.40566,0.74340,0.12441,0.20518,0.10271,0.21446,0.22037,0.13049,0.08988,29.95943,10.63200,0,14.08,3967.4
43300,144,2.000e-04,4.37025,0.16282,0.55491,0.13417,0.20050,0.14715,0.15867,0.64575,0.40092,0.24482,18.54352,13.60316,0,14.06,3974.5
43400,144,2.000e-04,6.84454,0.69861,0.46705,0.14684,0.36435,0.17472,0.39223,0.40865,0.15826,0.25039,35.44165,11.19739,0,14.18,3981.6
43500,145,2.000e-04,5.14717,0.70903,0.92596,0.14288,0.18321,0.13640,0.11482,0.30828,0.20570,0.10258,25.30689,15.69046,0,14.43,3988.5
43600,145,2.000e-04,4.51625,0.77692,0.72274,0.17252,0.10308,0.15430,0.10633,0.34503,0.18613,0.15890,17.38512,11.65387,0,14.50,3995.4
43700,145,2.000e-04,3.52036,0.50837,0.25838,0.13351,0.10243,0.29206,0.10217,0.63556,0.32693,0.30863,20.35025,14.51235,0,14.79,4002.2
43800,146,2.000e-04,4.60160,0.59267,0.16799,0.14189,0.20131,0.23328,0.17560,0.39585,0.24919,0.14666,19.58148,10.94268,0,14.87,4008.9
43900,146,2.000e-04,3.80594,0.29449,0.28517,0.15116,0.13781,0.18144,0.15519,0.41475,0.22534,0.18941,15.03682,9.32324,0,14.83,4015.7
44000,146,2.000e-04,3.78226,0.18158,0.75575,0.12159,0.13533,0.18837,0.08737,0.45728,0.22087,0.23641,18.41654,13.87516,0,14.88,4022.4
44100,147,2.000e-04,3.80091,0.43665,0.58033,0.13471,0.12464,0.09946,0.09098,0.28438,0.06170,0.22269,23.29311,11.40167,0,14.91,4029.1
44200,147,2.000e-04,4.83588,0.40713,0.47049,0.22036,0.12352,0.39896,0.12047,0.49571,0.22184,0.27387,19.92586,12.08227,0,14.78,4035.8
44300,147,2.000e-04,4.82605,0.46821,0.64789,0.12929,0.20568,0.17809,0.18224,0.37529,0.16115,0.21414,16.89091,10.17711,0,14.86,4042.6
44400,148,2.000e-04,3.10145,0.41456,0.45157,0.09128,0.10953,0.11938,0.10785,0.29889,0.11519,0.18370,11.24403,10.11968,0,14.80,4049.3
44500,148,2.000e-04,5.69589,0.70751,0.48232,0.12760,0.28716,0.12635,0.23215,0.24719,0.20373,0.04346,26.62874,7.29916,0,14.55,4056.2
44600,148,2.000e-04,3.49159,0.38363,0.17109,0.12361,0.12852,0.28466,0.13087,0.58488,0.32037,0.26450,18.93420,8.56462,0,14.81,4063.0
44700,149,2.000e-04,3.61987,0.05603,0.62259,0.15313,0.11147,0.15735,0.13791,0.43517,0.21834,0.21683,12.72125,9.77336,0,14.43,4069.9
44800,149,2.000e-04,4.55087,0.94427,0.31862,0.11040,0.17056,0.21407,0.26440,0.38258,0.16180,0.22079,25.75246,12.13374,0,14.09,4077.0
44900,149,2.000e-04,3.63401,0.23433,0.21292,0.11473,0.17844,0.13664,0.11842,0.43214,0.21256,0.21958,46.50958,8.31004,0,14.12,4084.1
45000,150,2.000e-04,4.52513,0.33686,0.88736,0.12825,0.17289,0.13169,0.15786,0.21267,0.02591,0.18675,27.02023,9.99243,0,1.35,4158.0
45100,150,2.000e-04,3.51589,0.50631,0.43252,0.11123,0.11107,0.13554,0.21849,0.29687,0.18047,0.11640,13.32588,14.29823,0,12.86,4165.8
45200,150,2.000e-04,3.81623,0.26805,0.38555,0.13563,0.13793,0.21429,0.21267,0.40083,0.25695,0.14388,19.56808,6.18330,0,14.21,4172.8
45300,151,2.000e-04,3.46513,0.37185,0.18100,0.13854,0.11806,0.15612,0.19022,0.40766,0.20933,0.19834,27.39663,10.93627,0,14.16,4179.9
45400,151,2.000e-04,3.67619,0.31884,0.46711,0.12566,0.11834,0.33967,0.11057,0.36468,0.03656,0.32812,18.28095,8.64714,0,14.18,4186.9
45500,151,2.000e-04,2.92801,0.61440,0.36510,0.07639,0.09405,0.16739,0.07677,0.23920,0.07467,0.16453,18.15956,3.86265,0,14.23,4194.0
45600,152,2.000e-04,4.07352,0.49130,0.59411,0.16730,0.10640,0.16583,0.08528,0.40376,0.29795,0.10581,22.04759,8.17822,0,14.26,4201.0
45700,152,2.000e-04,3.48856,0.45072,0.61746,0.08080,0.13510,0.13499,0.12639,0.45321,0.29882,0.15439,15.43428,12.70005,0,14.25,4208.0
45800,152,2.000e-04,4.08596,0.53400,0.48048,0.09316,0.18174,0.09326,0.22918,0.38207,0.18136,0.20071,31.42935,9.39816,0,14.23,4215.0
45900,153,2.000e-04,4.56139,0.42693,0.44014,0.18032,0.14419,0.22327,0.22590,0.17109,0.10163,0.06946,26.86567,9.81358,0,14.27,4222.0
46000,153,2.000e-04,4.71637,0.51647,0.34313,0.12163,0.23295,0.14190,0.16912,0.40560,0.33051,0.07509,24.95376,7.36020,0,14.31,4229.0
46100,153,2.000e-04,3.18383,0.50650,0.37479,0.10208,0.09425,0.15879,0.18051,0.27049,0.16987,0.10062,16.03547,6.92134,0,14.36,4236.0
46200,154,2.000e-04,3.27885,0.45167,0.08112,0.14130,0.10594,0.13584,0.13774,0.34424,0.26908,0.07516,16.95062,7.90896,0,14.37,4242.9
46300,154,2.000e-04,2.96373,0.12187,0.33046,0.11370,0.11230,0.12776,0.12359,0.32365,0.15648,0.16717,15.68972,11.20695,0,14.34,4249.9
46400,154,2.000e-04,3.42705,0.64749,0.45019,0.13258,0.07232,0.18202,0.09841,0.31467,0.12117,0.19350,9.96868,10.09480,0,14.36,4256.9
46500,155,2.000e-04,4.09976,0.38551,0.36377,0.13743,0.16248,0.18494,0.16638,0.45092,0.22083,0.23009,13.47707,6.32605,0,14.30,4263.9
46600,155,2.000e-04,4.00151,0.45117,0.31917,0.13199,0.15874,0.14178,0.18213,0.25744,0.08893,0.16851,19.91378,7.44188,0,14.32,4270.8
46700,155,2.000e-04,3.41071,0.51742,0.57174,0.14017,0.06813,0.17316,0.06540,0.22050,0.10507,0.11543,18.79404,5.17538,0,14.33,4277.8
46800,156,2.000e-04,3.88621,0.07391,0.14606,0.23513,0.10679,0.10780,0.13923,0.78520,0.39677,0.38843,22.36168,9.50438,0,14.32,4284.8
46900,156,2.000e-04,4.51746,0.87839,0.81319,0.11119,0.15408,0.12530,0.04792,0.23603,0.14874,0.08729,27.32685,6.86150,0,14.26,4291.8
47000,156,2.000e-04,6.53968,0.73970,0.21934,0.15774,0.35499,0.16318,0.29021,0.29042,0.13092,0.15950,26.98507,12.92749,0,14.29,4298.8
47100,157,2.000e-04,4.00424,0.23676,0.19895,0.19101,0.13193,0.14058,0.19853,0.26692,0.11865,0.14828,25.19111,4.43091,0,14.32,4305.8
47200,157,2.000e-04,4.72234,0.49363,0.21439,0.20517,0.14594,0.34959,0.15368,0.24149,0.14692,0.09457,27.48445,13.88819,0,14.25,4312.8
47300,157,2.000e-04,4.55266,0.66254,0.21059,0.10948,0.21846,0.14058,0.25960,0.45067,0.33798,0.11269,18.22291,9.27067,0,14.24,4319.8
47400,158,2.000e-04,3.66961,0.26187,0.30254,0.18947,0.09132,0.17903,0.11832,0.34989,0.16813,0.18176,19.39417,6.91911,0,14.20,4326.9
47500,158,2.000e-04,3.10759,0.26103,0.27843,0.10795,0.12041,0.18319,0.10138,0.50144,0.18723,0.31421,17.80040,9.40502,0,14.22,4333.9
47600,158,2.000e-04,3.60766,0.64625,0.65604,0.10468,0.09573,0.21408,0.08718,0.34932,0.30818,0.04114,24.53695,7.16247,0,14.23,4340.9
47700,159,2.000e-04,4.29345,0.16511,0.28453,0.10466,0.23683,0.16040,0.26855,0.51169,0.13333,0.37836,23.93389,6.30047,0,14.17,4348.0
47800,159,2.000e-04,4.09129,0.47747,0.45702,0.11850,0.16116,0.16355,0.19664,0.51532,0.26142,0.25389,16.95505,8.92620,0,14.15,4355.1
47900,159,2.000e-04,4.22340,0.52392,0.59846,0.15017,0.12848,0.18329,0.13121,0.25764,0.08502,0.17262,14.24800,6.53109,0,14.15,4362.1
48000,160,2.000e-04,3.35276,0.31206,0.59155,0.12808,0.09131,0.12584,0.12949,0.26423,0.11968,0.14455,44.20264,7.24352,0,1.28,4440.3
48100,160,2.000e-04,3.41247,0.19380,0.35529,0.15116,0.10773,0.17084,0.10366,0.55067,0.22315,0.32752,21.15827,9.75017,0,12.88,4448.0
48200,160,2.000e-04,3.97850,0.45313,0.29600,0.07593,0.22410,0.10381,0.12522,0.25243,0.15284,0.09959,29.51498,6.18920,0,14.28,4455.1
48300,161,2.000e-04,3.44984,0.45436,0.19966,0.08218,0.16244,0.13690,0.21276,0.34955,0.14335,0.20620,10.88017,10.97685,0,14.23,4462.1
48400,161,2.000e-04,5.37315,0.59649,0.81314,0.17662,0.17998,0.18965,0.20789,0.29536,0.23491,0.06045,18.99325,9.18785,0,14.19,4469.1
48500,161,2.000e-04,2.86767,0.35696,0.17510,0.11912,0.09345,0.10856,0.10136,0.41077,0.23202,0.17876,16.28012,7.34457,0,14.22,4476.2
48600,162,2.000e-04,5.16833,0.75130,0.48546,0.18507,0.16108,0.31152,0.15854,0.24801,0.05660,0.19141,25.58230,12.67923,0,14.26,4483.2
48700,162,2.000e-04,4.56119,0.46414,0.86080,0.15380,0.13323,0.18712,0.17883,0.83995,0.54069,0.29925,17.85828,12.24554,0,14.24,4490.2
48800,162,2.000e-04,3.16657,0.65910,0.59736,0.08508,0.07804,0.11878,0.16008,0.23132,0.12074,0.11059,17.45116,4.57918,0,14.23,4497.2
48900,163,2.000e-04,3.77154,0.79708,0.41333,0.11874,0.10968,0.14462,0.13236,0.38671,0.12570,0.26100,18.90667,13.09952,0,14.17,4504.3
49000,163,2.000e-04,3.61779,0.63695,0.50118,0.13613,0.08471,0.13764,0.13358,0.76162,0.34977,0.41185,10.47032,18.81171,0,14.18,4511.3
49100,163,2.000e-04,3.55476,0.21880,0.01187,0.09796,0.19087,0.24387,0.19189,0.40085,0.09044,0.31040,16.42455,8.37772,0,14.17,4518.4
49200,164,2.000e-04,2.95454,0.08836,0.46809,0.11954,0.09398,0.15471,0.10819,0.47256,0.37711,0.09544,18.82013,8.17258,0,14.14,4525.5
49300,164,2.000e-04,5.19556,0.39018,0.78023,0.18556,0.18341,0.14306,0.19235,0.56324,0.35667,0.20656,18.58371,9.27435,0,14.01,4532.6
49400,164,2.000e-04,9.08954,0.55932,0.82954,0.12654,0.57913,0.17884,0.46521,0.21886,0.07764,0.14122,25.91040,10.07149,0,14.25,4539.6
49500,165,2.000e-04,2.87527,0.32059,0.43474,0.10545,0.07990,0.15163,0.11476,0.60865,0.25933,0.34932,16.91326,12.59529,0,14.33,4546.6
49600,165,2.000e-04,4.62609,0.82118,0.15645,0.17689,0.15045,0.24485,0.13015,0.12223,0.09558,0.02665,29.86728,6.14175,0,14.27,4553.6
49700,165,2.000e-04,5.11656,0.32332,0.68506,0.13684,0.23201,0.20222,0.21746,0.27549,0.12201,0.15348,23.71283,9.27732,0,14.16,4560.7
49800,166,2.000e-04,3.95764,0.53997,0.65324,0.13348,0.10541,0.18077,0.19480,0.29981,0.14416,0.15565,16.25806,6.07165,0,14.17,4567.7
49900,166,2.000e-04,3.80301,1.13663,0.46403,0.10249,0.09463,0.12241,0.10873,0.48202,0.15859,0.32343,14.48177,12.33403,0,14.15,4574.8
50000,166,2.000e-04,4.09692,0.20450,0.29094,0.13967,0.17803,0.20116,0.22329,0.51702,0.15582,0.36120,18.76098,9.34300,0,14.07,4581.9
50100,167,2.000e-04,2.45296,0.24337,0.18381,0.08422,0.09914,0.11100,0.08111,0.60183,0.32079,0.28105,16.74638,11.87762,0,14.02,4589.0
50200,167,2.000e-04,4.40295,0.63202,0.42123,0.13166,0.16177,0.15046,0.26497,0.84009,0.24879,0.59130,20.67401,15.93570,0,14.18,4596.1
50300,167,2.000e-04,3.65844,0.08713,0.37432,0.17904,0.11618,0.13508,0.10980,0.63491,0.34094,0.29397,24.20926,14.46555,0,14.20,4603.1
50400,168,2.000e-04,4.93705,0.32659,0.63755,0.24321,0.11053,0.33151,0.10398,0.39206,0.04783,0.34423,27.16114,5.46411,0,14.18,4610.2
