epoch,fid_b2a,fid_a2b,fid_avg,best_so_far,fid_avg_raw,fid_avg_ema
10,168.580,181.795,175.188,175.188,192.050,175.188
20,141.271,148.398,144.834,144.834,154.385,144.834
30,133.308,132.098,132.703,132.703,144.228,132.703
40,137.429,130.813,134.121,132.703,141.481,134.121
50,132.304,129.652,130.978,130.978,133.584,130.978
60,131.858,127.347,129.603,129.603,135.055,129.603
70,123.666,126.212,124.939,124.939,126.186,124.939
80,118.754,121.886,120.320,120.320,124.208,120.320
90,116.701,119.819,118.260,118.260,125.446,118.260
100,112.665,118.863,115.764,115.764,116.593,115.764
110,111.233,117.955,114.594,114.594,120.799,114.594
120,111.796,116.014,113.905,113.905,116.083,113.905
130,109.082,116.135,112.608,112.608,112.608,113.873
140,109.885,114.151,112.018,112.018,112.018,113.121
150,110.773,113.328,112.051,112.018,115.736,112.051
160,111.338,112.253,111.795,111.795,119.889,111.795
170,111.288,112.100,111.694,111.694,113.741,111.694
180,109.185,112.312,110.749,110.749,111.288,110.749
190,110.245,111.614,110.930,110.749,113.632,110.930
200,107.034,109.666,108.350,108.350,115.200,108.350
210,107.289,109.149,108.219,108.219,109.201,108.219
220,106.734,108.371,107.553,107.553,109.500,107.553
230,106.945,107.071,107.008,107.008,111.532,107.008
240,107.076,107.783,107.429,107.008,108.994,107.429
250,105.503,108.473,106.988,106.988,107.258,106.988
260,105.970,106.552,106.261,106.261,108.680,106.261
270,106.054,107.169,106.611,106.261,112.897,106.611
280,103.392,109.555,106.474,106.261,109.932,106.474
290,102.929,106.724,104.826,104.826,108.126,104.826
300,102.396,103.742,103.069,103.069,106.321,103.069
310,103.217,103.743,103.480,103.069,106.350,103.480
320,104.077,104.629,104.353,103.069,105.507,104.353
330,104.908,103.359,104.134,103.069,107.213,104.134
340,103.710,103.293,103.501,103.069,103.706,103.501
350,104.401,102.745,103.573,103.069,105.167,103.573
360,102.727,101.883,102.305,102.305,104.081,102.305
370,103.786,101.666,102.726,102.305,105.835,102.726
380,103.153,102.248,102.701,102.305,104.429,102.701
390,102.080,102.178,102.129,102.129,104.185,102.129
400,104.069,101.398,102.734,102.129,104.568,102.734
410,102.607,101.453,102.030,102.030,103.557,102.030
420,102.723,101.230,101.976,101.976,102.999,101.976
430,101.737,102.434,102.086,101.976,103.513,102.086
440,101.820,101.443,101.632,101.632,102.716,101.632
450,101.880,100.509,101.195,101.195,105.068,101.195
460,100.788,101.090,100.939,100.939,104.901,100.939
470,101.694,102.237,101.965,100.939,103.392,101.965
480,102.985,100.881,101.933,100.939,102.635,101.933
490,101.560,101.436,101.498,100.939,103.645,101.498
500,100.484,101.737,101.111,100.939,101.419,101.111
510,101.449,99.254,100.351,100.351,100.351,101.548
520,101.950,100.686,101.318,100.351,102.131,101.318
530,101.601,99.709,100.655,100.351,100.894,100.655
540,101.219,99.872,100.545,100.351,103.362,100.545
550,100.983,100.361,100.672,100.351,102.804,100.672
560,101.309,99.700,100.505,100.351,101.518,100.505
570,101.434,101.269,101.352,100.351,103.456,101.352
580,101.131,100.445,100.788,100.351,105.513,100.788
590,102.639,99.266,100.952,100.351,103.448,100.952
600,99.170,101.332,100.251,100.251,100.251,101.066
610,101.488,100.978,101.233,100.251,102.146,101.233
620,103.606,99.969,101.787,100.251,104.071,101.787
630,99.948,100.439,100.194,100.194,100.486,100.194
640,99.749,101.115,100.432,100.194,102.076,100.432
650,99.236,100.077,99.657,99.657,100.706,99.657
660,100.977,100.378,100.677,99.657,105.599,100.677
670,100.423,98.711,99.567,99.567,100.435,99.567
680,99.415,99.845,99.630,99.567,101.515,99.630
690,99.014,100.287,99.650,99.567,102.313,99.650
700,98.455,99.487,98.971,98.971,102.315,98.971
710,97.604,99.376,98.490,98.490,98.490,99.011
720,98.354,101.451,99.903,98.490,100.957,99.903
730,99.281,100.331,99.806,98.490,103.372,99.806
740,99.801,100.018,99.910,98.490,100.285,99.910
750,99.583,100.836,100.209,98.490,101.249,100.209
760,97.970,99.649,98.810,98.490,98.810,99.775
770,99.335,101.265,100.300,98.490,100.391,100.300
780,99.129,101.759,100.444,98.490,100.470,100.444
790,99.169,101.116,100.143,98.490,102.705,100.143
800,100.760,101.855,101.308,98.490,101.986,101.308
810,98.903,101.498,100.201,98.490,101.266,100.201
820,97.610,101.903,99.756,98.490,99.756,100.090
830,99.199,101.651,100.425,98.490,100.995,100.425
840,97.390,101.479,99.435,98.490,99.435,99.964
850,98.424,101.820,100.122,98.490,100.122,100.154
860,98.151,100.909,99.530,98.490,100.321,99.530
870,98.008,102.257,100.132,98.490,100.935,100.132
880,97.424,102.287,99.855,98.490,100.008,99.855
890,96.838,101.878,99.358,98.490,100.062,99.358
900,96.803,101.607,99.205,98.490,99.205,99.825
910,96.929,101.170,99.050,98.490,99.680,99.050
920,96.658,101.712,99.185,98.490,99.269,99.185
930,96.680,101.998,99.339,98.490,100.042,99.339
940,96.907,102.835,99.871,98.490,100.429,99.871
950,96.399,102.503,99.451,98.490,99.713,99.451
960,96.046,102.893,99.469,98.490,99.992,99.469
970,95.671,102.376,99.024,98.490,99.024,99.211
980,95.894,102.690,99.292,98.490,99.575,99.292
990,96.384,102.919,99.651,98.490,99.883,99.651
1000,96.080,102.902,99.491,98.490,99.535,99.491
