epoch,fid_b2a,fid_a2b,fid_avg,best_so_far
10,210.892,169.401,190.146,190.146
20,153.763,180.584,167.173,167.173
30,135.810,158.909,147.359,147.359
40,147.872,135.775,141.824,141.824
50,133.799,140.475,137.137,137.137
60,120.606,138.085,129.346,129.346
70,120.061,128.748,124.404,124.404
80,130.957,128.426,129.692,124.404
90,120.103,129.832,124.967,124.404
100,115.119,124.025,119.572,119.572
110,116.077,125.250,120.663,119.572
120,116.049,129.848,122.948,119.572
130,112.188,122.163,117.176,117.176
140,114.870,119.097,116.983,116.983
150,114.154,119.530,116.842,116.842
160,117.987,117.046,117.516,116.842
170,115.782,112.088,113.935,113.935
180,115.034,116.061,115.548,113.935
190,111.567,114.994,113.281,113.281
200,111.361,118.611,114.986,113.281
210,112.561,118.220,115.391,113.281
220,108.247,111.267,109.757,109.757
230,109.341,112.719,111.030,109.757
240,111.863,110.866,111.365,109.757
250,108.916,110.474,109.695,109.695
260,109.367,111.102,110.235,109.695
270,107.827,109.798,108.813,108.813
280,111.660,109.485,110.573,108.813
290,107.646,109.177,108.411,108.411
300,108.418,107.802,108.110,108.110
