step,epoch,lr,train_loss,grad_norm,tokens_per_sec,val_loss,val_acc,elapsed_s
0,0,6.000000e-04,4.86263,7.2593,2447,4.048452110290527,0.191125,8.2
1,0,6.000000e-04,4.07597,4.4988,26935,,,8.8
2,0,5.996420e-04,3.75385,2.3701,33259,,,9.3
3,0,5.985690e-04,3.60282,2.3002,29969,,,9.8
4,0,5.967837e-04,3.50758,2.2058,29093,,,10.4
5,0,5.942910e-04,3.39964,1.7377,28804,,,11.0
6,0,5.910975e-04,3.27842,1.9908,27334,,,11.6
7,0,5.872116e-04,3.16610,1.6685,30917,,,12.1
8,0,5.826435e-04,3.10955,4.6772,33544,,,12.6
9,0,5.774056e-04,2.99698,1.2524,33678,,,13.1
10,0,5.715115e-04,2.94469,1.0423,33849,,,13.6
11,0,5.649770e-04,2.86664,1.0196,22690,,,14.3
12,0,5.578194e-04,2.82321,0.9343,29177,,,14.9
13,0,5.500577e-04,2.77034,0.7746,34688,,,15.4
14,0,5.417123e-04,2.72909,0.6733,33692,,,15.9
15,0,5.328056e-04,2.69099,0.7299,34413,,,16.3
16,0,5.233611e-04,2.64690,0.6296,30642,,,16.9
17,0,5.134038e-04,2.60901,0.6744,18520,,,17.8
18,0,5.029602e-04,2.59832,0.5385,24078,,,18.4
19,0,4.920579e-04,2.57979,0.5694,25637,,,19.1
20,0,4.807258e-04,2.56685,0.5240,28283,,,19.7
21,0,4.689941e-04,2.54465,0.4846,34667,,,20.1
22,0,4.568937e-04,2.55567,0.4717,32757,,,20.6
23,0,4.444569e-04,2.50714,0.5010,30526,,,21.2
24,0,4.317165e-04,2.49632,0.4173,27745,,,21.8
25,0,4.187064e-04,2.50202,0.4439,27776,2.467919315338135,0.31653125,24.3
26,0,4.054611e-04,2.46763,0.5090,29948,,,24.8
27,0,3.920157e-04,2.48648,0.4634,34937,,,25.3
28,0,3.784058e-04,2.49532,0.5910,35146,,,25.8
29,0,3.646676e-04,2.47155,0.4157,35140,,,26.2
30,0,3.508374e-04,2.45713,0.4267,35156,,,26.7
31,1,3.369519e-04,2.44838,0.5184,32782,,,27.8
32,1,3.230481e-04,2.45236,0.3686,32191,,,28.3
33,1,3.091626e-04,2.41775,0.3729,31612,,,28.8
34,1,2.953324e-04,2.44574,0.4358,33370,,,29.3
35,1,2.815942e-04,2.41758,0.3697,32755,,,29.8
36,1,2.679843e-04,2.41968,0.3705,32264,,,30.3
37,1,2.545389e-04,2.44501,0.4017,31511,,,30.8
38,1,2.412936e-04,2.41311,0.3243,30851,,,31.4
39,1,2.282835e-04,2.43018,0.3839,33023,,,31.9
40,1,2.155431e-04,2.40922,0.4279,32721,,,32.4
41,1,2.031063e-04,2.42092,0.3561,34595,,,32.8
42,1,1.910059e-04,2.41135,0.3827,33970,,,33.3
43,1,1.792742e-04,2.42419,0.3483,33784,,,33.8
44,1,1.679421e-04,2.40450,0.3926,34264,,,34.3
45,1,1.570398e-04,2.40713,0.3502,32511,,,34.8
46,1,1.465962e-04,2.38046,0.2987,34006,,,35.3
47,1,1.366389e-04,2.41357,0.3102,31317,,,35.8
48,1,1.271944e-04,2.37610,0.3438,27764,,,36.4
49,1,1.182877e-04,2.38420,0.3498,31288,,,37.0
50,1,1.099423e-04,2.38672,0.3043,34826,2.374870777130127,0.323,40.3
51,1,1.021806e-04,2.39066,0.2934,24759,,,41.0
52,1,9.502298e-05,2.39480,0.2946,34483,,,41.5
53,1,8.848849e-05,2.36515,0.3653,33166,,,42.0
54,1,8.259444e-05,2.37111,0.3404,24059,,,42.7
55,1,7.735646e-05,2.39710,0.3561,28454,,,43.2
56,1,7.278845e-05,2.38185,0.3104,25534,,,43.9
57,1,6.890251e-05,2.37048,0.3007,34351,,,44.4
58,1,6.570897e-05,2.37039,0.4148,27790,,,45.0
59,1,6.321627e-05,2.37706,0.3614,32462,,,45.5
60,1,6.143103e-05,2.36845,0.3029,27017,,,46.1
61,1,6.035800e-05,2.38899,0.3197,29311,,,46.7
